mean_error,diag_var_error,offdiag_cov_error,cov_fro_error,avg_abs_corr,w1,w2,data_dim,rho,seed,method
0.041701484471559525,0.05627161264419556,0.20007392764091492,0.2957932651042938,0.0017964714206755161,0.2741973801718262,0.34655245172239557,2,0.2,0,Best diagonal Gaussian
0.0781799927353859,0.040420323610305786,0.18643467128276825,0.26986467838287354,0.011953824199736118,0.2808709088642381,0.36466964609735053,2,0.2,0,Product marginals
0.01215564738959074,0.013052403926849365,0.18800483644008636,0.2667059898376465,0.010357692837715149,0.29160587037838803,0.3919846915522892,2,0.2,0,WGAN
0.1004008874297142,0.12507906556129456,0.19502763450145721,0.34122079610824585,0.04227036237716675,0.2603809836638046,0.3306644146839745,2,0.2,1,WGAN
0.04281773045659065,0.07229381799697876,0.26907071471214294,0.3946404457092285,0.035816740244627,0.3227001888299198,0.4046507340121142,2,0.2,1,Product marginals
0.06792834401130676,0.02460581064224243,0.23148804903030396,0.3292195796966553,0.0015023808227851987,0.3667287634991863,0.4347084603346912,2,0.2,1,Best diagonal Gaussian
0.09755075722932816,0.0790908932685852,0.19889049232006073,0.3038162589073181,0.013724270276725292,0.3025500359807173,0.36277367993078385,2,0.2,2,WGAN
0.10449162870645523,0.04275283217430115,0.17410515248775482,0.2540178596973419,0.01281184982508421,0.3120177995970303,0.39129034445900374,2,0.2,2,Product marginals
0.09565352648496628,0.038071006536483765,0.20737731456756592,0.29817891120910645,0.02117408812046051,0.31304796724374034,0.3751684005837248,2,0.2,2,Best diagonal Gaussian
0.0532488115131855,0.04823926091194153,0.20594747364521027,0.29921460151672363,0.017940834164619446,0.25616248217581505,0.3394375919498345,2,0.2,3,Best diagonal Gaussian
0.02866552211344242,0.0798092782497406,0.18031194806098938,0.2825443744659424,0.007631069980561733,0.2929944244379058,0.3822853016611839,2,0.2,3,Product marginals
0.0324118472635746,0.04495644569396973,0.15476523339748383,0.22908669710159302,0.03370602801442146,0.302930836409097,0.3635858125899573,2,0.2,3,WGAN
0.04145192727446556,0.0335942804813385,0.19046087563037872,0.2746930718421936,0.017308469861745834,0.3077939643752436,0.40783077564186376,2,0.2,4,Best diagonal Gaussian
0.06131213530898094,0.042237669229507446,0.19367818534374237,0.28299108147621155,0.01410598773509264,0.3187880530819325,0.4015735467198861,2,0.2,4,WGAN
0.10601487755775452,0.009094834327697754,0.18341360986232758,0.2597121596336365,0.023741796612739563,0.3493721040984425,0.41654256589627386,2,0.2,4,Product marginals
0.08981785923242569,0.08475923538208008,0.17591260373592377,0.28108149766921997,0.01180399302393198,0.28183553595941435,0.37281213957228937,2,0.2,5,Best diagonal Gaussian
0.10841741412878036,0.05584344267845154,0.2679245173931122,0.39176419377326965,0.0827052965760231,0.2841583534637774,0.36011701216959624,2,0.2,5,Product marginals
0.09257708489894867,0.10775122046470642,0.20125621557235718,0.3276996612548828,0.01519579254090786,0.3231297788534613,0.4149682095624737,2,0.2,5,WGAN
0.06535491347312927,0.03261581063270569,0.16007713973522186,0.23107658326625824,0.023285696282982826,0.28258080905311395,0.353895745417971,2,0.2,6,Product marginals
0.05974508821964264,0.011420369148254395,0.17342445254325867,0.24579066038131714,0.00990546029061079,0.3259268595445347,0.42115783172615245,2,0.2,6,Best diagonal Gaussian
0.07014993578195572,0.05134591460227966,0.18257273733615875,0.2684624195098877,0.0005927364691160619,0.34492107213974654,0.42939659327538016,2,0.2,6,WGAN
0.07221712917089462,0.021281510591506958,0.21080327033996582,0.29963627457618713,0.0004247994511388242,0.22841677336672825,0.2870642044072784,2,0.2,7,WGAN
0.046189576387405396,0.047322630882263184,0.18073250353336334,0.26896506547927856,0.031624794006347656,0.2572450486216789,0.3279173242552154,2,0.2,7,Best diagonal Gaussian
0.009408553130924702,0.04714304208755493,0.204502671957016,0.2976315915584564,0.005763399880379438,0.27278006046374215,0.3322508994008747,2,0.2,7,Product marginals
0.06639817357063293,0.028376787900924683,0.21769100427627563,0.3104700744152069,0.009989635087549686,0.27803904823512304,0.3574323356928361,2,0.2,8,Product marginals
0.0173320472240448,0.02777460217475891,0.22523696720600128,0.32101818919181824,0.01789739914238453,0.3182404383458916,0.386623264960218,2,0.2,8,WGAN
0.016315609216690063,0.03877320885658264,0.23614636063575745,0.34022974967956543,0.027444500476121902,0.34738348131575736,0.41120735488132465,2,0.2,8,Best diagonal Gaussian
0.054245322942733765,0.11615157127380371,0.20897723734378815,0.3404969871044159,3.948522135033272e-05,0.2628330211990916,0.31927922237562656,2,0.2,9,WGAN
0.06963455677032471,0.006602615118026733,0.17403236031532288,0.2463041990995407,0.034913070499897,0.275319877911747,0.3429545777279468,2,0.2,9,Product marginals
0.028916534036397934,0.011947810649871826,0.2051309198141098,0.2906479239463806,0.0038842852227389812,0.2790027316238191,0.3505683622462357,2,0.2,9,Best diagonal Gaussian
0.07358833402395248,0.14130011200904846,0.47767773270606995,0.7063685655593872,0.013972394168376923,0.3322880605137729,0.46612447187179634,2,0.5,0,WGAN
0.04920835420489311,0.10685425996780396,0.4911186993122101,0.7113741636276245,0.0017964690923690796,0.3589918111652268,0.48939776982185085,2,0.5,0,Best diagonal Gaussian
0.08587430417537689,0.031971871852874756,0.4689580500125885,0.665005087852478,0.020481154322624207,0.3961044673658391,0.5623019827850914,2,0.5,0,Product marginals
0.06384168565273285,0.09488093852996826,0.5429978966712952,0.7797589898109436,0.0015023807063698769,0.4369258636314837,0.5682854444886699,2,0.5,1,Best diagonal Gaussian
0.0382692851126194,0.06161576509475708,0.580041229724884,0.8257575631141663,0.035333000123500824,0.43736709997438394,0.5451863434610357,2,0.5,1,Product marginals
0.06922774016857147,0.13385611772537231,0.5013443231582642,0.7343252897262573,0.047740526497364044,0.5100834702933978,0.6405760021410004,2,0.5,1,WGAN
0.11004363000392914,0.050472140312194824,0.49859818816185,0.7099008560180664,0.02117409184575081,0.27543395017805467,0.36495783308368385,2,0.5,2,Best diagonal Gaussian
0.11901156604290009,0.03024846315383911,0.4583398103713989,0.6504539847373962,0.021314352750778198,0.3461292061306787,0.4555665326517898,2,0.5,2,Product marginals
0.07535340636968613,0.13429924845695496,0.4897117018699646,0.7182609438896179,0.012845262885093689,0.41047447441409074,0.533433725307005,2,0.5,2,WGAN
0.048071034252643585,0.0075164735317230225,0.48983705043792725,0.6928192377090454,0.017940834164619446,0.3459731517594771,0.45281536497902847,2,0.5,3,Best diagonal Gaussian
0.054760392755270004,0.011914700269699097,0.43445757031440735,0.6146581768989563,0.040669649839401245,0.3465523860634017,0.42860030832815627,2,0.5,3,WGAN
0.026425058022141457,0.07154801487922668,0.458481103181839,0.6571069955825806,0.014291447587311268,0.3468121229221382,0.43989415188716247,2,0.5,3,Product marginals
0.043353453278541565,0.09277942776679993,0.49978697299957275,0.7192726135253906,0.017308471724390984,0.3175616030221279,0.3909933760644312,2,0.5,4,Best diagonal Gaussian
0.11601313203573227,0.022748172283172607,0.4884336590766907,0.6918255090713501,0.026590466499328613,0.3370211859911815,0.43420947691314304,2,0.5,4,Product marginals
0.06542003899812698,0.10602793097496033,0.5026875734329224,0.7265636920928955,0.01434887945652008,0.352466137282016,0.4396189658335978,2,0.5,4,WGAN
0.0809885561466217,0.09597033262252808,0.49196097254753113,0.7174755930900574,0.011803993955254555,0.3271290809967884,0.4287343729909309,2,0.5,5,Best diagonal Gaussian
0.07947443425655365,0.16281911730766296,0.5153632164001465,0.766708493232727,0.014719577506184578,0.35386379963118836,0.4699796732159195,2,0.5,5,WGAN
0.09166247397661209,0.05499967932701111,0.5829985737800598,0.8304491639137268,0.0825040340423584,0.39147387521411026,0.5342687870734787,2,0.5,5,Product marginals
0.0422324538230896,0.02983418107032776,0.47333064675331116,0.6707708239555359,0.013132651336491108,0.3540112659422536,0.46699921644433207,2,0.5,6,Product marginals
0.0461476631462574,0.06410655379295349,0.47708725929260254,0.6807875633239746,0.009905464947223663,0.3583291844338003,0.4494855237775929,2,0.5,6,Best diagonal Gaussian
0.05989045649766922,0.09931409358978271,0.48677894473075867,0.7027859687805176,0.000562741537578404,0.3913224109705302,0.5321937221742199,2,0.5,6,WGAN
0.04294872656464577,0.09086421132087708,0.4713289737701416,0.6820827126502991,0.031624797731637955,0.3016490655553529,0.4003589338665002,2,0.5,7,Best diagonal Gaussian
0.04521894082427025,0.05431872606277466,0.49869030714035034,0.70964115858078,0.000723201606888324,0.334040939801491,0.421841212760709,2,0.5,7,WGAN
0.0014881081879138947,0.04063916206359863,0.4925147294998169,0.699597179889679,0.00671888655051589,0.4002474224304268,0.500292658067159,2,0.5,7,Product marginals
0.06222635135054588,0.023586422204971313,0.5154259204864502,0.7297037839889526,0.015334555879235268,0.2970379894263717,0.3971737602062108,2,0.5,8,Product marginals
0.010455689392983913,0.033635348081588745,0.5268023014068604,0.7477560043334961,0.02744450606405735,0.337262547306453,0.4334894276367064,2,0.5,8,Best diagonal Gaussian
0.017674291506409645,0.0719134509563446,0.5199203491210938,0.7422822117805481,0.021358590573072433,0.3983354237050403,0.5116819585526369,2,0.5,8,WGAN
0.031734898686409,0.06336468458175659,0.5031648278236389,0.7174755930900574,0.003884281264618039,0.3707610085580207,0.44485499507167564,2,0.5,9,Best diagonal Gaussian
0.13870583474636078,0.17481645941734314,0.5033287405967712,0.7542656660079956,0.004211470950394869,0.3734034706671117,0.468697636507442,2,0.5,9,WGAN
0.07128650695085526,0.010428160429000854,0.476389616727829,0.6739189028739929,0.030450714752078056,0.3945619903032083,0.5003211964844017,2,0.5,9,Product marginals
0.08914027363061905,0.022683322429656982,0.7517575621604919,1.0641014575958252,0.02816222794353962,0.528502866558834,0.648838619221091,2,0.8,0,Product marginals
0.05800098180770874,0.22491353750228882,0.7814143300056458,1.150084137916565,0.0017964699072763324,0.5796454905166478,0.722142971576533,2,0.8,0,Best diagonal Gaussian
0.045342106372117996,0.13961341977119446,0.7589201331138611,1.0913076400756836,0.02507920004427433,0.5996633381348926,0.7283491014347949,2,0.8,0,WGAN
0.08592024445533752,0.27002108097076416,0.8126577734947205,1.211052656173706,0.05076923593878746,0.5388390984495013,0.6792516568048496,2,0.8,1,WGAN
0.028164273127913475,0.05386775732040405,0.8821043968200684,1.250736951828003,0.03011586144566536,0.6052806393568038,0.7642432570375195,2,0.8,1,Product marginals
0.059765078127384186,0.24297505617141724,0.850963830947876,1.2519962787628174,0.001502382685430348,0.6464951885762683,0.7955862311334351,2,0.8,1,Best diagonal Gaussian
0.10535343736410141,0.24391847848892212,0.7821235656738281,1.1586400270462036,0.013224643655121326,0.5936418434943822,0.7391326177621383,2,0.8,2,WGAN
0.13416524231433868,0.035483747720718384,0.7447934150695801,1.0548099279403687,0.028834590688347816,0.6045398702569094,0.7506529132655383,2,0.8,2,Product marginals
0.1253230720758438,0.17466861009597778,0.789419412612915,1.143646240234375,0.02117408812046051,0.6528436930627238,0.7911601502220906,2,0.8,2,Best diagonal Gaussian
0.023261720314621925,0.054534196853637695,0.7373908162117004,1.0457212924957275,0.02073449268937111,0.5519285393193426,0.699163799661457,2,0.8,3,Product marginals
0.07593336701393127,0.1483299434185028,0.7309324741363525,1.0547651052474976,0.03409098461270332,0.5923290335182152,0.7334716381899166,2,0.8,3,WGAN
0.03994239121675491,0.1409541368484497,0.7726093530654907,1.1106706857681274,0.017940832301974297,0.6555015222514226,0.7931518180076785,2,0.8,3,Best diagonal Gaussian
0.07998716831207275,0.2632407248020172,0.8123070001602173,1.20803701877594,0.015214856714010239,0.5618730286154087,0.7060392892436347,2,0.8,4,WGAN
0.12596304714679718,0.029225707054138184,0.796328604221344,1.1273478269577026,0.02641351707279682,0.6129576395387477,0.7600304605721055,2,0.8,4,Product marginals
0.05275081843137741,0.23104721307754517,0.8101664781570435,1.1915451288223267,0.017308471724390984,0.6411076709829198,0.7720805676037541,2,0.8,4,Best diagonal Gaussian
0.06054682657122612,0.24041542410850525,0.8122045397758484,1.2006391286849976,0.011803991161286831,0.48990691704197087,0.6196287065352876,2,0.8,5,Best diagonal Gaussian
0.07104611396789551,0.2796359062194824,0.8324418663978577,1.2424176931381226,0.014769385568797588,0.5674562216025097,0.7045898557966288,2,0.8,5,WGAN
0.05889958515763283,0.06636098027229309,0.8897252082824707,1.2625856399536133,0.07129134237766266,0.5843451106933919,0.7297495084153822,2,0.8,5,Product marginals
0.03221813961863518,0.02546781301498413,0.793616533279419,1.1230149269104004,0.0015296319033950567,0.5177379196383612,0.6339406954203513,2,0.8,6,Product marginals
0.04399050399661064,0.18274638056755066,0.7957944273948669,1.1551209688186646,0.004546249285340309,0.5433581608444036,0.6852740804310048,2,0.8,6,WGAN
0.02414635382592678,0.19516366720199585,0.7842098474502563,1.1428909301757812,0.009905459359288216,0.5475614056345119,0.6912974613789595,2,0.8,6,Best diagonal Gaussian
0.038492340594530106,0.18282485008239746,0.7835942506790161,1.1386783123016357,0.0027360303793102503,0.5164225502859605,0.6623285285902609,2,0.8,7,WGAN
0.035032007843256,0.21188703179359436,0.7615497708320618,1.119132399559021,0.03162479028105736,0.5230945561366873,0.6665792370326429,2,0.8,7,Best diagonal Gaussian
0.010606305673718452,0.03655600547790527,0.7787248492240906,1.1031256914138794,0.00694172503426671,0.5781553827197842,0.7058390666204823,2,0.8,7,Product marginals
0.010061578825116158,0.1567820906639099,0.8134183883666992,1.171856164932251,0.0274445042014122,0.5655094249212385,0.7052701981771028,2,0.8,8,Best diagonal Gaussian
0.05616404861211777,0.1898161768913269,0.7795231342315674,1.1346352100372314,0.013357211835682392,0.5749872096800419,0.709287529992562,2,0.8,8,WGAN
0.050022102892398834,0.015567928552627563,0.8103914260864258,1.1463974714279175,0.01987004280090332,0.6157971955960647,0.7631878833687853,2,0.8,8,Product marginals
0.03163988143205643,0.19660741090774536,0.7999863624572754,1.165157437324524,0.003884278004989028,0.5478672578109132,0.6955884254276881,2,0.8,9,Best diagonal Gaussian
0.07202184200286865,0.012290328741073608,0.7827188968658447,1.1071137189865112,0.02048301510512829,0.5877254159305969,0.7361732540575845,2,0.8,9,Product marginals
0.07106227427721024,0.21268358826637268,0.8000442981719971,1.1715511083602905,0.0038917679339647293,0.613847979718717,0.7734876756195345,2,0.8,9,WGAN
0.06621591001749039,0.04854931682348251,0.19502650201320648,0.8848094940185547,0.020494842901825905,1.0794460699546515,1.156959546688188,5,0.2,0,Product marginals
0.053768955171108246,0.0683855265378952,0.18139930069446564,0.8392313122749329,0.014316178858280182,1.1136205233167042,1.2156030124143338,5,0.2,0,WGAN
0.10252337902784348,0.03887142986059189,0.1746947020292282,0.796802818775177,0.012889385223388672,1.1210637528398075,1.2261023394994635,5,0.2,0,Best diagonal Gaussian
0.09730774909257889,0.0399353988468647,0.19934450089931488,0.9052638411521912,0.020310865715146065,1.0687763302910949,1.1612248261438485,5,0.2,1,Product marginals
0.1419404298067093,0.03878296539187431,0.19807276129722595,0.8997777700424194,0.016941484063863754,1.0776218743045718,1.161812774440205,5,0.2,1,Best diagonal Gaussian
0.10632816702127457,0.08344189077615738,0.19984237849712372,0.9212096929550171,0.014207596890628338,1.0777186918286215,1.158416962173459,5,0.2,1,WGAN
0.0897277444601059,0.05395616218447685,0.21486815810203552,0.9800081253051758,0.02060845121741295,1.1295443076707212,1.221384665968091,5,0.2,2,Best diagonal Gaussian
0.1035509780049324,0.11602989584207535,0.20520608127117157,0.9677125215530396,0.02117985114455223,1.130823126619913,1.2258087929525796,5,0.2,2,WGAN
0.07813743501901627,0.027207612991333008,0.21868284046649933,0.9914906620979309,0.02742699906229973,1.1563531691921276,1.2551456349198102,5,0.2,2,Product marginals
0.12754295766353607,0.02945530414581299,0.1992712914943695,0.9088735580444336,0.017125306650996208,1.0867971019161593,1.171702390136978,5,0.2,3,Product marginals
0.13774444162845612,0.05090217664837837,0.18311014771461487,0.8375746607780457,0.017943399026989937,1.0976203779205926,1.1841216392549805,5,0.2,3,WGAN
0.10619641095399857,0.033319950103759766,0.1995137482881546,0.9027809500694275,0.018418164923787117,1.0986623052089335,1.1943949691715827,5,0.2,3,Best diagonal Gaussian
0.08322571218013763,0.08520368486642838,0.19621212780475616,0.9167628288269043,0.020124774426221848,1.0592117354034785,1.141211892838884,5,0.2,4,WGAN
0.07760324329137802,0.03214848041534424,0.18059590458869934,0.8272342681884766,0.019802067428827286,1.1344168834068111,1.2206087412997968,5,0.2,4,Product marginals
0.08252127468585968,0.03909233957529068,0.1939246505498886,0.8858689069747925,0.014129859395325184,1.1423031586733847,1.2305747622489662,5,0.2,4,Best diagonal Gaussian
0.08173117786645889,0.04750237613916397,0.19518013298511505,0.8851060271263123,0.016770537942647934,1.1314314249667563,1.2234790775506752,5,0.2,5,Best diagonal Gaussian
0.04819902777671814,0.07538603246212006,0.1964952051639557,0.9081521034240723,0.01787002943456173,1.1531005319069811,1.2732917908506436,5,0.2,5,WGAN
0.07640520483255386,0.030095409601926804,0.20729517936706543,0.9420451521873474,0.017385901883244514,1.1593983761890763,1.25712438443215,5,0.2,5,Product marginals
0.10428038984537125,0.11388164758682251,0.18946918845176697,0.9025661945343018,0.016715157777071,1.0617742045347576,1.1417646514020174,5,0.2,6,WGAN
0.0676901564002037,0.04768414422869682,0.1965501755475998,0.8948830366134644,0.020139435306191444,1.073581146093129,1.1544170538359795,5,0.2,6,Best diagonal Gaussian
0.12486971914768219,0.03630657121539116,0.20782598853111267,0.9467673301696777,0.025614703074097633,1.089535810660595,1.1807854362184782,5,0.2,6,Product marginals
0.14185059070587158,0.08163894712924957,0.19412000477313995,0.895668089389801,0.01375908125191927,1.0982298259803145,1.189282965163975,5,0.2,7,WGAN
0.04026590660214424,0.04887360334396362,0.1964048147201538,0.8920422792434692,0.011658742092549801,1.1387151041976873,1.227558267173944,5,0.2,7,Best diagonal Gaussian
0.047452814877033234,0.036448825150728226,0.18446260690689087,0.843656063079834,0.022774148732423782,1.1487138293519175,1.2328931888334218,5,0.2,7,Product marginals
0.045420337468385696,0.10011136531829834,0.20280499756336212,0.9526897668838501,0.014697214588522911,1.0931093265780432,1.191333425798739,5,0.2,8,WGAN
0.0733179822564125,0.03006603755056858,0.2026134729385376,0.9226086139678955,0.020464975386857986,1.119093873300368,1.2122371847962576,5,0.2,8,Product marginals
0.04252351447939873,0.05186539888381958,0.2082168161869049,0.9489392042160034,0.02084316313266754,1.1405315898411756,1.2432501716962394,5,0.2,8,Best diagonal Gaussian
0.06564272940158844,0.1291387379169464,0.18498167395591736,0.8954827189445496,0.01082972064614296,1.0433373030680875,1.1278469173620613,5,0.2,9,WGAN
0.03431740030646324,0.032465506345033646,0.1902075856924057,0.8644700050354004,0.01876160129904747,1.0506341046176968,1.1342883033514994,5,0.2,9,Product marginals
0.07440031319856644,0.07172016054391861,0.1912098228931427,0.8834541440010071,0.017628509551286697,1.0873766857535065,1.1826429550652096,5,0.2,9,Best diagonal Gaussian
0.10829324275255203,0.14576025307178497,0.4599342346191406,2.0869593620300293,0.012889383360743523,1.2175702919711973,1.358139752959598,5,0.5,0,Best diagonal Gaussian
0.07215853035449982,0.18332424759864807,0.46520447731018066,2.1284048557281494,0.013059517368674278,1.249385642200526,1.4049639026968122,5,0.5,0,WGAN
0.06638545542955399,0.0677468404173851,0.4744853079319,2.1292011737823486,0.017605802044272423,1.3653783113780371,1.512684838369774,5,0.5,0,Product marginals
0.08328142017126083,0.2355247437953949,0.5009918212890625,2.3047935962677,0.012846415862441063,1.1172533020567244,1.2210169210478672,5,0.5,1,WGAN
0.11733806133270264,0.16083744168281555,0.500580370426178,2.269543409347534,0.016941485926508904,1.1595357122035261,1.2733679476003115,5,0.5,1,Best diagonal Gaussian
0.0882733166217804,0.019994640722870827,0.4966438412666321,2.2245421409606934,0.02042142115533352,1.226343219359454,1.3413163933622243,5,0.5,1,Product marginals
0.08101794123649597,0.2611875534057617,0.5018984079360962,2.32330322265625,0.01997167244553566,1.2286976967588772,1.3880416202497956,5,0.5,2,WGAN
0.09133084863424301,0.1891414225101471,0.5090441107749939,2.3201889991760254,0.020608454942703247,1.2442494691782318,1.3833204671061898,5,0.5,2,Best diagonal Gaussian
0.0785641297698021,0.03006988763809204,0.512245774269104,2.2965927124023438,0.027040738612413406,1.2999782006012934,1.4253837644999383,5,0.5,2,Product marginals
0.10752854496240616,0.20694804191589355,0.46562322974205017,2.1398909091949463,0.016731251031160355,1.211603573714777,1.3622854402346836,5,0.5,3,WGAN
0.08828970789909363,0.11797434091567993,0.4783806800842285,2.1587507724761963,0.018418166786432266,1.215101247876105,1.3564357550597193,5,0.5,3,Best diagonal Gaussian
0.10097277909517288,0.03548729419708252,0.4854293763637543,2.178330659866333,0.01705263927578926,1.2986358962549964,1.4397954939562325,5,0.5,3,Product marginals
0.0399266853928566,0.23557917773723602,0.4878295958042145,2.2477521896362305,0.020195525139570236,1.2720404988214353,1.4400952837342877,5,0.5,4,WGAN
0.08013918250799179,0.166523277759552,0.48685112595558167,2.213046073913574,0.014129857532680035,1.2727210409622327,1.448178835247111,5,0.5,4,Best diagonal Gaussian
0.08196460455656052,0.024286042898893356,0.47326692938804626,2.120556354522705,0.018408313393592834,1.341051251088734,1.4927884954067367,5,0.5,4,Product marginals
0.08284711837768555,0.24588418006896973,0.49536675214767456,2.2858331203460693,0.017508231103420258,1.1958331764182484,1.3343651422309266,5,0.5,5,WGAN
0.08789301663637161,0.158929243683815,0.49510735273361206,2.2459115982055664,0.016770537942647934,1.2230562959047648,1.3561567407516057,5,0.5,5,Best diagonal Gaussian
0.08549477905035019,0.03690673038363457,0.5088456273078918,2.2810733318328857,0.017783526331186295,1.3023544848530355,1.4295909800860052,5,0.5,5,Product marginals
0.07545420527458191,0.25760167837142944,0.494406133890152,2.289903402328491,0.015582134947180748,1.1709763954149972,1.2985508617450385,5,0.5,6,WGAN
0.05938815698027611,0.15973082184791565,0.49966344237327576,2.267573118209839,0.020139437168836594,1.204852147950756,1.3400035896088052,5,0.5,6,Best diagonal Gaussian
0.1142817810177803,0.045548953115940094,0.5093528032302856,2.2846765518188477,0.023770075291395187,1.3057590271796387,1.4358823530353528,5,0.5,6,Product marginals
0.10373428463935852,0.2320106476545334,0.47342491149902344,2.181974172592163,0.013558191247284412,1.1383651322886152,1.2555737378996497,5,0.5,7,WGAN
0.0675184577703476,0.16407133638858795,0.47524967789649963,2.1591687202453613,0.011658748611807823,1.1552833777484661,1.259763608141441,5,0.5,7,Best diagonal Gaussian
0.05713162571191788,0.05249519273638725,0.46576637029647827,2.0913896560668945,0.019820531830191612,1.211526420582398,1.3127320452860554,5,0.5,7,Product marginals
0.09587209671735764,0.24681353569030762,0.5020428895950317,2.3146283626556396,0.01432764995843172,1.2235967788399091,1.3828238646093542,5,0.5,8,WGAN
0.0379435233771801,0.1851075291633606,0.5070673227310181,2.307981252670288,0.02084316313266754,1.244133819634272,1.3803023233757947,5,0.5,8,Best diagonal Gaussian
0.06699270009994507,0.02562323771417141,0.509003758430481,2.279764175415039,0.01563362404704094,1.3320713860580924,1.461006406824022,5,0.5,8,Product marginals
0.0799979716539383,0.26618415117263794,0.4765683710575104,2.219613790512085,0.0133425984531641,1.1726729495513593,1.3290763474750154,5,0.5,9,WGAN
0.06661847233772278,0.17792031168937683,0.48241668939590454,2.1994619369506836,0.0176285058259964,1.2130293113097372,1.3744943587859029,5,0.5,9,Best diagonal Gaussian
0.04325725510716438,0.02351534366607666,0.48295459151268005,2.1646242141723633,0.019392717629671097,1.3033327028520962,1.432955050686483,5,0.5,9,Product marginals
0.09218695014715195,0.37228554487228394,0.7491469383239746,3.4537200927734375,0.012889382429420948,1.3203915454979307,1.498615259074297,5,0.8,0,Best diagonal Gaussian
0.16038645803928375,0.7015239000320435,0.7508237957954407,3.70873761177063,0.011723476462066174,1.332853444419728,1.5698045446070925,5,0.8,0,WGAN
0.04593954607844353,0.07182077318429947,0.7582074999809265,3.3961703777313232,0.019523972645401955,1.6005796762018076,1.764455494585681,5,0.8,0,Product marginals
0.07474952936172485,0.4873623251914978,0.7985391616821289,3.7343201637268066,0.010403381660580635,1.3667767270726392,1.6011895799255547,5,0.8,1,WGAN
0.08366291224956512,0.3983425199985504,0.8015654683113098,3.6942381858825684,0.016941485926508904,1.4245331236149312,1.6346721572170493,5,0.8,1,Best diagonal Gaussian
0.07804553955793381,0.02659633196890354,0.7959758043289185,3.5613553524017334,0.015320664271712303,1.5318478533146447,1.6854641493891054,5,0.8,1,Product marginals
0.04927271232008934,0.4923146665096283,0.7848579287528992,3.680270195007324,0.021723363548517227,1.4027615182061095,1.6409094931140333,5,0.8,2,WGAN
0.07351654767990112,0.4133741855621338,0.7889143824577332,3.6488001346588135,0.020608453080058098,1.4386014967124199,1.648748712789542,5,0.8,2,Best diagonal Gaussian
0.06238150969147682,0.021702086552977562,0.7880221605300903,3.5261948108673096,0.022039344534277916,1.625527961892927,1.7874255629102525,5,0.8,2,Product marginals
0.06913339346647263,0.43868398666381836,0.7362440824508667,3.436619758605957,0.01608666032552719,1.3857818799435924,1.6132993796312052,5,0.8,3,WGAN
0.05892698094248772,0.33641424775123596,0.744869589805603,3.415893077850342,0.018418166786432266,1.4343468479186705,1.6475654618030142,5,0.8,3,Best diagonal Gaussian
0.05551311373710632,0.06965724378824234,0.7544312477111816,3.3798117637634277,0.017303694039583206,1.5722034553512514,1.7606604372587646,5,0.8,3,Product marginals
0.07321175932884216,0.485628604888916,0.7899767756462097,3.6982176303863525,0.018757600337266922,1.33405901029761,1.5177180282560372,5,0.8,4,WGAN
0.07767289876937866,0.4083622395992279,0.7892431616783142,3.6471288204193115,0.01412985660135746,1.3892641432230708,1.580440904271671,5,0.8,4,Best diagonal Gaussian
0.09076932072639465,0.022649120539426804,0.7746268510818481,3.4657797813415527,0.019732238724827766,1.5927984950704703,1.7349168239083277,5,0.8,4,Product marginals
0.05953899025917053,0.5110611319541931,0.7969314455986023,3.743363857269287,0.01734519936144352,1.4508649386179746,1.6618981925848366,5,0.8,5,WGAN
0.08555041998624802,0.4069212079048157,0.7969878911972046,3.6796960830688477,0.016770537942647934,1.4682103621527507,1.6711799916932453,5,0.8,5,Best diagonal Gaussian
0.08484279364347458,0.033576954156160355,0.8061733245849609,3.6080539226531982,0.018651951104402542,1.657752339450621,1.8075419119419411,5,0.8,5,Product marginals
0.09376002103090286,0.5128296613693237,0.8007857203483582,3.762802839279175,0.013867045752704144,1.3920537017891992,1.6577501853546786,5,0.8,6,WGAN
0.046846918761730194,0.40410929918289185,0.8036857843399048,3.7075271606445312,0.020139437168836594,1.4281380821674374,1.659850288606584,5,0.8,6,Best diagonal Gaussian
0.10206428170204163,0.04868783801794052,0.8135668039321899,3.6422460079193115,0.02290712669491768,1.654032678159838,1.8378587843817578,5,0.8,6,Product marginals
0.08662132918834686,0.3768855631351471,0.7468076944351196,3.4451563358306885,0.011658743023872375,1.3249692468414578,1.5277487936594416,5,0.8,7,Best diagonal Gaussian
0.13311228156089783,0.4684341549873352,0.7438746690750122,3.4887397289276123,0.012628654949367046,1.3252303803038739,1.5559000555912788,5,0.8,7,WGAN
0.07092807441949844,0.06846024096012115,0.7428236603736877,3.328814744949341,0.017359653487801552,1.556591984903285,1.7368790327938382,5,0.8,7,Product marginals
0.029183078557252884,0.49264153838157654,0.7941440343856812,3.7198071479797363,0.014251111075282097,1.3853515477979925,1.5822966544757802,5,0.8,8,WGAN
0.0265097264200449,0.41554880142211914,0.7977520227432251,3.6876327991485596,0.02084316313266754,1.4142547747429495,1.6082377194467203,5,0.8,8,Best diagonal Gaussian
0.06259604543447495,0.009134078398346901,0.8041924238204956,3.5979232788085938,0.019242174923419952,1.598240945656428,1.7589246042315203,5,0.8,8,Product marginals
0.07997243106365204,0.5303603410720825,0.7736821174621582,3.6582062244415283,0.013149033300578594,1.3467470315936194,1.5606031506913407,5,0.8,9,WGAN
0.05531297251582146,0.4121479392051697,0.7775347232818604,3.5988566875457764,0.017628507688641548,1.4150450950097335,1.611184774513931,5,0.8,9,Best diagonal Gaussian
0.05088753253221512,0.016742169857025146,0.7814790606498718,3.4979231357574463,0.022633899003267288,1.565201183285451,1.7116311055614704,5,0.8,9,Product marginals
0.12203669548034668,0.06868388503789902,0.19709846377372742,1.9069427251815796,0.017612798139452934,2.3200478345188005,2.4138964329793025,10,0.2,0,Best diagonal Gaussian
0.28649377822875977,0.13693532347679138,0.195587158203125,1.9365918636322021,0.016418050974607468,2.3224246760032115,2.4041375077509755,10,0.2,0,WGAN
0.11259429901838303,0.041257429867982864,0.19899336993694305,1.917470097541809,0.017621709033846855,2.414840945221268,2.498819683714125,10,0.2,0,Product marginals
0.2532700300216675,0.10831014811992645,0.20218005776405334,1.981437087059021,0.01840886101126671,2.386648415586419,2.458412401320932,10,0.2,1,WGAN
0.11616416275501251,0.03596602752804756,0.20393356680870056,1.9672943353652954,0.020780690014362335,2.4083837300076274,2.4774207066809066,10,0.2,1,Product marginals
0.14721813797950745,0.0570540651679039,0.20434124767780304,1.9785892963409424,0.01827927678823471,2.4287879849655805,2.5061750918239487,10,0.2,1,Best diagonal Gaussian
0.43934470415115356,0.7547010183334351,0.20570121705532074,3.0972237586975098,0.017624735832214355,2.273828995268418,2.3802312352959953,10,0.2,2,WGAN
0.0999600887298584,0.05885057523846626,0.20340393483638763,1.9582446813583374,0.018279647454619408,2.275749370737312,2.3501176085964546,10,0.2,2,Best diagonal Gaussian
0.07866102457046509,0.020340407267212868,0.20696058869361877,1.9854360818862915,0.014080561697483063,2.365473772440909,2.4333055914701283,10,0.2,2,Product marginals
0.29199856519699097,0.11397118866443634,0.1981736123561859,1.9378032684326172,0.018208159133791924,2.303990799323348,2.379780319206624,10,0.2,3,WGAN
0.14816956222057343,0.03733713552355766,0.20317783951759338,1.9501996040344238,0.017024047672748566,2.3311187407668776,2.410417607079492,10,0.2,3,Product marginals
0.13483595848083496,0.048694588243961334,0.20341390371322632,1.955735445022583,0.018772989511489868,2.3771639495590233,2.456688144981685,10,0.2,3,Best diagonal Gaussian
0.2900978922843933,0.7493629455566406,0.21026334166526794,3.118312120437622,0.018066128715872765,2.2176733858478936,2.304976650105143,10,0.2,4,WGAN
0.09686780720949173,0.0758361965417862,0.20699620246887207,2.004805326461792,0.020366419106721878,2.3158323199611464,2.3886845452676475,10,0.2,4,Best diagonal Gaussian
0.13581687211990356,0.03517599031329155,0.2065814584493637,1.9808986186981201,0.022514913231134415,2.3736965153848866,2.4454969791011716,10,0.2,4,Product marginals
0.09472058713436127,0.1387186348438263,0.20381943881511688,2.0099716186523438,0.019960753619670868,2.351067996836916,2.4233322157667456,10,0.2,5,WGAN
0.12353044003248215,0.03642866760492325,0.20341941714286804,1.9557459354400635,0.018425587564706802,2.392035316967615,2.462717139898574,10,0.2,5,Product marginals
0.06781719624996185,0.04650326818227768,0.2082851678133011,1.9970358610153198,0.013658391311764717,2.4062469572379976,2.487966674477127,10,0.2,5,Best diagonal Gaussian
0.32969164848327637,0.7741395831108093,0.18806245923042297,3.036693572998047,0.016133924946188927,2.305711901595866,2.404059696175107,10,0.2,6,WGAN
0.12728559970855713,0.021154260262846947,0.19023579359054565,1.8240470886230469,0.017438441514968872,2.3250644295826897,2.3968291814565927,10,0.2,6,Product marginals
0.13047444820404053,0.049890708178281784,0.19226379692554474,1.8537541627883911,0.01646374724805355,2.326057228264076,2.3954649725588735,10,0.2,6,Best diagonal Gaussian
0.3456154465675354,0.738231360912323,0.2037545144557953,3.0416765213012695,0.017954319715499878,2.2272129242821963,2.3330401639120906,10,0.2,7,WGAN
0.10430534183979034,0.05724051594734192,0.1996099054813385,1.9283733367919922,0.016488971188664436,2.3097976665057134,2.3900637620237295,10,0.2,7,Best diagonal Gaussian
0.07983981817960739,0.048354893922805786,0.20895841717720032,2.009861469268799,0.016600415110588074,2.349681794377374,2.42455254624735,10,0.2,7,Product marginals
0.2688572108745575,0.7704302668571472,0.20085197687149048,3.102590322494507,0.018758442252874374,2.2998279171403087,2.4245930923197037,10,0.2,8,WGAN
0.10439924150705338,0.05778660625219345,0.19912588596343994,1.9150419235229492,0.015851344913244247,2.394959309139749,2.482910699362955,10,0.2,8,Best diagonal Gaussian
0.0803435891866684,0.02772023156285286,0.20371606945991516,1.951006531715393,0.019405117258429527,2.406745980309614,2.4928868598513216,10,0.2,8,Product marginals
0.30147892236709595,0.7555679082870483,0.18237566947937012,2.975801706314087,0.01845831423997879,2.279549369990539,2.387370680099108,10,0.2,9,WGAN
0.07386300712823868,0.06269574910402298,0.18385370075702667,1.77523934841156,0.017543485388159752,2.3435254526325147,2.4191228759719796,10,0.2,9,Best diagonal Gaussian
0.07190129905939102,0.04045672342181206,0.18156494200229645,1.753609299659729,0.019733505323529243,2.411508468563898,2.482781270561588,10,0.2,9,Product marginals
0.19521577656269073,0.7871009707450867,0.49183982610702515,5.30035924911499,0.016799328848719597,2.3970026720011917,2.6340189131637937,10,0.5,0,WGAN
0.11229297518730164,0.2455294132232666,0.49204254150390625,4.738259792327881,0.017612800002098083,2.448719524641923,2.61348318147248,10,0.5,0,Best diagonal Gaussian
0.10751430690288544,0.03794797509908676,0.49382051825523376,4.694295883178711,0.018015634268522263,2.596717713366547,2.730943085327103,10,0.5,0,Product marginals
0.19859737157821655,0.7964707612991333,0.5187844038009644,5.535665035247803,0.01869742013514042,2.310515399362852,2.5555731031697793,10,0.5,1,WGAN
0.11941254138946533,0.2521117627620697,0.5188083052635193,4.994820594787598,0.01827927492558956,2.420524947829841,2.5780268489854983,10,0.5,1,Best diagonal Gaussian
0.10002309083938599,0.03726537153124809,0.5168797969818115,4.914025783538818,0.019057882949709892,2.601788544599103,2.746129648795874,10,0.5,1,Product marginals
0.3935820460319519,0.7800481915473938,0.5129138827323914,5.464024066925049,0.01759139634668827,2.347410229602272,2.520366530323767,10,0.5,2,WGAN
0.08971953392028809,0.2543092966079712,0.5113288164138794,4.923002243041992,0.01827964559197426,2.3773239604674083,2.5147182103995624,10,0.5,2,Best diagonal Gaussian
0.07760020345449448,0.01934492588043213,0.5146520733833313,4.889393329620361,0.014677644707262516,2.512405761848978,2.6268542628270053,10,0.5,2,Product marginals
0.24974456429481506,0.7810946702957153,0.49002981185913086,5.269668102264404,0.018281254917383194,2.298592399148086,2.5274671106513136,10,0.5,3,WGAN
0.11447188258171082,0.2282528430223465,0.4943561553955078,4.750194549560547,0.018772993236780167,2.4008580108290616,2.555419088805393,10,0.5,3,Best diagonal Gaussian
0.13055269420146942,0.03595514968037605,0.49747398495674133,4.725827693939209,0.015826638787984848,2.5690092440157493,2.6986182686892914,10,0.5,3,Product marginals
0.2104799598455429,0.7971187233924866,0.5247831344604492,5.587818145751953,0.018074290826916695,2.2968468745879638,2.497477101817263,10,0.5,4,WGAN
0.08690627664327621,0.2707189917564392,0.5221560001373291,5.034032821655273,0.020366419106721878,2.406331264510711,2.5285672498152962,10,0.5,4,Best diagonal Gaussian
0.1252109855413437,0.03482156991958618,0.5218423008918762,4.958607196807861,0.02297149784862995,2.5598506918313633,2.6794283376487438,10,0.5,4,Product marginals
0.28456637263298035,0.773344874382019,0.5059501528739929,5.392758846282959,0.021055571734905243,2.378596939027849,2.558132608592152,10,0.5,5,WGAN
0.05531679466366768,0.23577181994915009,0.507573127746582,4.8768463134765625,0.013658391311764717,2.4716845657663495,2.59890906320118,10,0.5,5,Best diagonal Gaussian
0.12121298909187317,0.04149901121854782,0.502427339553833,4.775491237640381,0.01729399338364601,2.640893896578844,2.750889897358836,10,0.5,5,Product marginals
0.20791774988174438,0.7898907661437988,0.47778692841529846,5.178341388702393,0.016172349452972412,2.2788233867196026,2.459614794961402,10,0.5,6,WGAN
0.1148509830236435,0.22117677330970764,0.48123177886009216,4.6249284744262695,0.0164637491106987,2.36207198135864,2.4957765233795426,10,0.5,6,Best diagonal Gaussian
0.12493827939033508,0.03512117266654968,0.48042550683021545,4.5663862228393555,0.018631568178534508,2.562897640468136,2.6637919782427537,10,0.5,6,Product marginals
0.1918938308954239,0.765252947807312,0.49728143215179443,5.308172225952148,0.01954231970012188,2.2736757714669436,2.481118179074386,10,0.5,7,WGAN
0.12091083079576492,0.24060659110546112,0.4938848316669464,4.754033088684082,0.016488974913954735,2.3314856602674388,2.4753174464800343,10,0.5,7,Best diagonal Gaussian
0.11909722536802292,0.04328880459070206,0.4980967342853546,4.734866142272949,0.015685012564063072,2.522603225089625,2.6634980507098476,10,0.5,7,Product marginals
0.1762964129447937,0.7964049577713013,0.5055416822433472,5.420699596405029,0.019003791734576225,2.5020257239226886,2.768538713936255,10,0.5,8,WGAN
0.09044593572616577,0.2462329864501953,0.5040881633758545,4.849986553192139,0.015851344913244247,2.6094975150628117,2.785350180601457,10,0.5,8,Best diagonal Gaussian
0.06832200288772583,0.02897232212126255,0.5097910761833191,4.843698978424072,0.02052883990108967,2.708487565793002,2.884406855165557,10,0.5,8,Product marginals
0.20243118703365326,0.7545427083969116,0.4702068865299225,5.0699028968811035,0.019489340484142303,2.1864178710837225,2.3655418007991087,10,0.5,9,WGAN
0.06605871021747589,0.23099727928638458,0.47138282656669617,4.536487579345703,0.01754348911345005,2.2859394590609337,2.4127239542132113,10,0.5,9,Best diagonal Gaussian
0.053486455231904984,0.04037012532353401,0.4681893587112427,4.451640605926514,0.018795697018504143,2.431278753545286,2.5387413673319292,10,0.5,9,Product marginals
0.1611749529838562,0.8010793924331665,0.7895990014076233,7.915170669555664,0.01681184209883213,2.2309627405500723,2.5790737112514535,10,0.8,0,WGAN
0.10010694712400436,0.521399974822998,0.7898746728897095,7.674271583557129,0.017612800002098083,2.3234979682474792,2.5544225952949957,10,0.8,0,Best diagonal Gaussian
0.10478683561086655,0.03792024776339531,0.7896906733512878,7.496798992156982,0.019289711490273476,2.859354310965289,3.020262720267336,10,0.8,0,Product marginals
0.31685870885849,0.839081883430481,0.8350916504859924,8.357635498046875,0.01908164471387863,2.3153063126118743,2.6912163806886253,10,0.8,1,WGAN
0.08679316192865372,0.552139401435852,0.8353118300437927,8.116527557373047,0.01827927865087986,2.4224333454435576,2.7053836087929644,10,0.8,1,Best diagonal Gaussian
0.08190636336803436,0.025269359350204468,0.8322906494140625,7.899544715881348,0.017284028232097626,2.880885097201359,3.0718811517918296,10,0.8,1,Product marginals
0.47268781065940857,0.8003087043762207,0.8176961541175842,8.165820121765137,0.017357097938656807,2.362842109675433,2.704101391395563,10,0.8,2,WGAN
0.08264444023370743,0.5429776906967163,0.8167341351509094,7.937929630279541,0.018279647454619408,2.4293635013717094,2.6822159716432568,10,0.8,2,Best diagonal Gaussian
0.07505197077989578,0.022518640384078026,0.8193114399909973,7.775820255279541,0.015727408230304718,2.8660366423071117,3.038189802067933,10,0.8,2,Product marginals
0.1670219600200653,0.7926536798477173,0.7717549800872803,7.741499423980713,0.01786131039261818,2.248915986318417,2.6455729977007207,10,0.8,3,WGAN
0.07022915780544281,0.49519166350364685,0.7746753096580505,7.515601634979248,0.018772989511489868,2.4023212959614266,2.7118394348675436,10,0.8,3,Best diagonal Gaussian
0.08994387835264206,0.04955178499221802,0.7793201208114624,7.398211479187012,0.016680505126714706,2.9067563397674347,3.115144248000333,10,0.8,3,Product marginals
0.13162553310394287,0.8421090841293335,0.8394731283187866,8.4013032913208,0.01791764423251152,2.385145392474748,2.7816565595527027,10,0.8,4,WGAN
0.07170414924621582,0.5674962997436523,0.8376587629318237,8.148459434509277,0.020366419106721878,2.487276669062339,2.8068962110395246,10,0.8,4,Best diagonal Gaussian
0.10243257880210876,0.03245966508984566,0.838238000869751,7.957168102264404,0.02071027271449566,2.8703343615215546,3.079918431666383,10,0.8,4,Product marginals
0.21470335125923157,0.7925494313240051,0.8028572797775269,8.021388053894043,0.020859641954302788,2.2392456243308536,2.602742016575258,10,0.8,5,WGAN
0.04761528596282005,0.5217107534408569,0.803918182849884,7.80409574508667,0.013658388517796993,2.357753528391947,2.633822565216078,10,0.8,5,Best diagonal Gaussian
0.12228520959615707,0.037346117198467255,0.7984283566474915,7.579237937927246,0.017591631039977074,2.7639987146057865,2.9581916581463354,10,0.8,5,Product marginals
0.35451817512512207,0.8032720685005188,0.7673575282096863,7.711718559265137,0.016314592212438583,2.274146702068204,2.6277487335071092,10,0.8,6,WGAN
0.08678801357746124,0.49416857957839966,0.7701812982559204,7.473669528961182,0.0164637491106987,2.384182845822566,2.6252165618435983,10,0.8,6,Best diagonal Gaussian
0.11527587473392487,0.044305671006441116,0.7692330479621887,7.302911281585693,0.018183069303631783,2.796454360957942,2.974700403918021,10,0.8,6,Product marginals
0.1851091980934143,0.7795435786247253,0.7765780091285706,7.770772933959961,0.019545892253518105,2.3079725629441423,2.659876540511663,10,0.8,7,WGAN
0.1525711715221405,0.5066865086555481,0.7742248773574829,7.519555568695068,0.016488974913954735,2.443205230211483,2.728348789593566,10,0.8,7,Best diagonal Gaussian
0.16718845069408417,0.031887464225292206,0.7735931277275085,7.343320369720459,0.016491301357746124,2.8589706878484105,3.0334132223688273,10,0.8,7,Product marginals
0.1565667986869812,0.8121511340141296,0.8107616901397705,8.113260269165039,0.019594725221395493,2.299046770831225,2.696568039604674,10,0.8,8,WGAN
0.060707349330186844,0.5366914868354797,0.8094249367713928,7.86557674407959,0.015851344913244247,2.3859203387556405,2.6820221842660907,10,0.8,8,Best diagonal Gaussian
0.047729022800922394,0.03884537145495415,0.8147854208946228,7.734699249267578,0.020187141373753548,2.7849377616713396,2.9857394773876487,10,0.8,8,Product marginals
0.1188487857580185,0.7527341246604919,0.7659983038902283,7.652311325073242,0.020173322409391403,2.317732523537641,2.6721249233976163,10,0.8,9,WGAN
0.05985412374138832,0.5091492533683777,0.7667351365089417,7.451038360595703,0.017543483525514603,2.431990697090872,2.7141083672220065,10,0.8,9,Best diagonal Gaussian
0.05649999901652336,0.030322616919875145,0.7642571330070496,7.254664421081543,0.017943182960152626,2.8629856430628404,3.048729193124668,10,0.8,9,Product marginals
0.5026557445526123,0.7628947496414185,0.19606813788414001,5.152055263519287,0.01865305006504059,3.7161336850376934,3.8042834121628957,20,0.2,0,WGAN
0.14329054951667786,0.0766177549958229,0.19597169756889343,3.884942054748535,0.018807655200362206,4.134523088602371,4.196484488304092,20,0.2,0,Best diagonal Gaussian
0.13915829360485077,0.038169264793395996,0.1959667205810547,3.8717358112335205,0.018182380124926567,4.178986328849126,4.241438745131867,20,0.2,0,Product marginals
0.5802105665206909,0.7665293216705322,0.20345501601696014,5.272449493408203,0.017528705298900604,3.79494392552967,3.9017919003861916,20,0.2,1,WGAN
0.16616545617580414,0.07952260971069336,0.2016039341688156,3.9941470623016357,0.017162147909402847,4.1945439588905025,4.255287929855644,20,0.2,1,Best diagonal Gaussian
0.16914008557796478,0.047008175402879715,0.20406869053840637,4.0397419929504395,0.018107494339346886,4.2790707142782844,4.347563503750408,20,0.2,1,Product marginals
0.37436020374298096,0.7594784498214722,0.20201238989830017,5.224729537963867,0.019363628700375557,3.711096461024559,3.779198773948362,20,0.2,2,WGAN
0.14579153060913086,0.08926782757043839,0.20175489783287048,4.000607967376709,0.018897533416748047,4.1563544036489635,4.210027438170061,20,0.2,2,Best diagonal Gaussian
0.12861235439777374,0.039508186280727386,0.2016686648130417,3.9927403926849365,0.01913389377295971,4.244608445291736,4.302047913925214,20,0.2,2,Product marginals
0.38034918904304504,0.7813481092453003,0.19947676360607147,5.256850719451904,0.01951839216053486,3.6966839920236065,3.800884512681741,20,0.2,3,WGAN
0.12872986495494843,0.09507056325674057,0.1991724967956543,3.957015037536621,0.017591744661331177,4.116584580407513,4.1838811114061665,20,0.2,3,Best diagonal Gaussian
0.17106938362121582,0.04164090007543564,0.20121371746063232,3.9823427200317383,0.018376987427473068,4.198366797559341,4.264778619225402,20,0.2,3,Product marginals
0.3857656419277191,0.7632902264595032,0.20439396798610687,5.27575159072876,0.017375433817505836,3.7342950764969522,3.818285276746247,20,0.2,4,WGAN
0.16189205646514893,0.09438350051641464,0.20678478479385376,4.100680351257324,0.01876172609627247,4.131038689489323,4.196556989538239,20,0.2,4,Best diagonal Gaussian
0.14490680396556854,0.04157334566116333,0.20227621495723724,3.9963531494140625,0.01808565855026245,4.308057153272847,4.3601762672353,20,0.2,4,Product marginals
0.439774751663208,0.7601790428161621,0.20141832530498505,5.227611064910889,0.019094349816441536,3.7291967472328436,3.8021046415310717,20,0.2,5,WGAN
0.1604926586151123,0.07580634206533432,0.2035970240831375,4.033806800842285,0.017188062891364098,4.210032036953611,4.268396608990468,20,0.2,5,Best diagonal Gaussian
0.13688313961029053,0.030850067734718323,0.19987061619758606,3.9541683197021484,0.019477462396025658,4.251128144846401,4.309599343428152,20,0.2,5,Product marginals
0.39924970269203186,0.7606563568115234,0.19547773897647858,5.132217884063721,0.018393514677882195,3.6664396658114393,3.7494100753777184,20,0.2,6,WGAN
0.16466782987117767,0.06882445514202118,0.19556084275245667,3.868734836578369,0.01752694696187973,4.165201914233467,4.224480057731308,20,0.2,6,Best diagonal Gaussian
0.19747041165828705,0.033854179084300995,0.19472458958625793,3.847723960876465,0.018276600167155266,4.292836992706258,4.353133410444112,20,0.2,6,Product marginals
0.40349116921424866,0.7584455609321594,0.1955772042274475,5.130756378173828,0.019284257665276527,3.7860940646301846,3.8742294215154676,20,0.2,7,WGAN
0.1402452141046524,0.07807553559541702,0.19472141563892365,3.8571395874023438,0.01627998612821102,4.231215141946612,4.296116234884063,20,0.2,7,Best diagonal Gaussian
0.15288491547107697,0.049923934042453766,0.19654075801372528,3.890009880065918,0.019168348982930183,4.323263963745599,4.392391068452163,20,0.2,7,Product marginals
0.3464113175868988,0.7630202174186707,0.1879720240831375,5.028665065765381,0.018233647570014,3.7264719675994926,3.8045721090092384,20,0.2,8,WGAN
0.17258639633655548,0.04591093212366104,0.19039644300937653,3.7656497955322266,0.018731798976659775,4.16791039727017,4.233122909989554,20,0.2,8,Product marginals
0.1749575436115265,0.06952527910470963,0.18885433673858643,3.736680507659912,0.015968604013323784,4.169188718437103,4.232598605450174,20,0.2,8,Best diagonal Gaussian
0.3356877863407135,0.7603458762168884,0.1943589448928833,5.1163105964660645,0.01713162660598755,3.7053451315467996,3.798191776292943,20,0.2,9,WGAN
0.13083729147911072,0.08475176990032196,0.19426438212394714,3.847008466720581,0.01778222620487213,4.147481643824844,4.210233368171207,20,0.2,9,Best diagonal Gaussian
0.16152004897594452,0.04263268783688545,0.1936691701412201,3.8297791481018066,0.019116373732686043,4.242450480709096,4.309984761592059,20,0.2,9,Product marginals
0.36282697319984436,0.7977215647697449,0.4948875308036804,10.299284934997559,0.018924670293927193,3.7369605244358515,4.007649409019689,20,0.5,0,WGAN
0.12028327584266663,0.2952030301094055,0.4948617219924927,9.75108814239502,0.018807662650942802,4.113576623160986,4.300540995255569,20,0.5,0,Best diagonal Gaussian
0.13134007155895233,0.03763607144355774,0.49414294958114624,9.651741027832031,0.01779787428677082,4.4679330008785865,4.620601773965202,20,0.5,0,Product marginals
0.5461559295654297,0.8256303071975708,0.5181284546852112,10.766592025756836,0.01728503592312336,3.7208845047146206,3.942246144122407,20,0.5,1,WGAN
0.1391018182039261,0.3181409239768982,0.5165972113609314,10.183161735534668,0.017162146046757698,4.056950774788237,4.187687911283656,20,0.5,1,Best diagonal Gaussian
0.1465964913368225,0.04066834598779678,0.5186201930046082,10.129021644592285,0.01775851659476757,4.399004519399441,4.522782760453844,20,0.5,1,Product marginals
0.2120756208896637,0.8150607943534851,0.5090838074684143,10.581780433654785,0.019458329305052757,3.822347915036722,4.062748503557954,20,0.5,2,WGAN
0.12561726570129395,0.31715303659439087,0.5087881088256836,10.03248405456543,0.018897540867328644,4.153564505744813,4.303182417695109,20,0.5,2,Best diagonal Gaussian
0.12180013209581375,0.0396973192691803,0.5078540444374084,9.922218322753906,0.019169487059116364,4.517109275646292,4.655754338430469,20,0.5,2,Product marginals
0.21002157032489777,0.8168689012527466,0.4910773038864136,10.260028839111328,0.01962966099381447,3.6725910718469437,3.89390572840729,20,0.5,3,WGAN
0.10807427763938904,0.30753812193870544,0.4907706677913666,9.679636001586914,0.017591748386621475,4.007682767201701,4.144486976516528,20,0.5,3,Best diagonal Gaussian
0.15676920115947723,0.036999210715293884,0.4923555850982666,9.618250846862793,0.017967363819479942,4.386792339294114,4.5132223342912345,20,0.5,3,Product marginals
0.23309621214866638,0.7979645729064941,0.5050414800643921,10.481483459472656,0.017440512776374817,3.6924653993142584,3.9202340161133695,20,0.5,4,WGAN
0.13506656885147095,0.31703823804855347,0.506922721862793,9.994531631469727,0.01876172423362732,4.009310381427772,4.169393761329853,20,0.5,4,Best diagonal Gaussian
0.13367335498332977,0.03232806175947189,0.5024034380912781,9.811616897583008,0.01869276911020279,4.407628145903718,4.550349724144287,20,0.5,4,Product marginals
0.2614317536354065,0.8042880892753601,0.5112729668617249,10.609393119812012,0.018761591985821724,3.7272295320421134,3.9554166360663507,20,0.5,5,WGAN
0.13356304168701172,0.3131659924983978,0.5130293965339661,10.112159729003906,0.01718806102871895,4.063693363082196,4.223624733629713,20,0.5,5,Best diagonal Gaussian
0.13178163766860962,0.03838536515831947,0.5106692910194397,9.975629806518555,0.019622305408120155,4.460614740146767,4.5901161947369715,20,0.5,5,Product marginals
0.217767596244812,0.8034123182296753,0.49054333567619324,10.22471809387207,0.018286649137735367,3.6210885531400203,3.835028544619287,20,0.5,6,WGAN
0.2010890245437622,0.29172417521476746,0.4905622899532318,9.662949562072754,0.01752695068717003,3.9542796623309395,4.085547785572382,20,0.5,6,Best diagonal Gaussian
0.23277437686920166,0.03625963255763054,0.490383505821228,9.576614379882812,0.01841549389064312,4.380767287374404,4.501760646744856,20,0.5,6,Product marginals
0.2967160940170288,0.7889419198036194,0.48143506050109863,10.037759780883789,0.018887117505073547,3.5218077402389327,3.7147230849480177,20,0.5,7,WGAN
0.16058194637298584,0.2842694818973541,0.48080605268478394,9.470558166503906,0.016279984265565872,3.9079319109744373,4.032082446816297,20,0.5,7,Best diagonal Gaussian
0.1888967901468277,0.04323742911219597,0.48276054859161377,9.432575225830078,0.01946471817791462,4.278467811747968,4.382312996857072,20,0.5,7,Product marginals
0.2574174702167511,0.7838660478591919,0.47319939732551575,9.876136779785156,0.018206970766186714,3.7633162619828675,3.9991754348895583,20,0.5,8,WGAN
0.15549013018608093,0.278707891702652,0.47392329573631287,9.333781242370605,0.015968600288033485,4.074868764940434,4.250436082483393,20,0.5,8,Best diagonal Gaussian
0.17318907380104065,0.04277561604976654,0.4746479094028473,9.271578788757324,0.01840856485068798,4.464885562136372,4.606375776277382,20,0.5,8,Product marginals
0.1695048063993454,0.8215195536613464,0.48625800013542175,10.173844337463379,0.017543531954288483,3.7685745035181912,3.994843046373132,20,0.5,9,WGAN
0.13595563173294067,0.3011452555656433,0.48638543486595154,9.586910247802734,0.01778222806751728,4.096210186082116,4.255187043694346,20,0.5,9,Best diagonal Gaussian
0.15434376895427704,0.047067828476428986,0.4866231083869934,9.505655288696289,0.019788865000009537,4.459637002034813,4.583378854976703,20,0.5,9,Product marginals
0.6585129499435425,0.8731878399848938,0.806337833404541,16.202564239501953,0.019566992297768593,3.5334607737706514,4.067325602828874,20,0.8,0,WGAN
0.10593782365322113,0.6110691428184509,0.8064165711402893,15.959761619567871,0.018807657063007355,3.7501472701170195,4.13543506951508,20,0.8,0,Best diagonal Gaussian
0.11448650807142258,0.037887465208768845,0.8056247234344482,15.714146614074707,0.017800355330109596,4.677737719049832,4.8901347384176495,20,0.8,0,Product marginals
0.7596137523651123,0.8982270956039429,0.8378069400787354,16.824491500854492,0.01628369465470314,3.751717509853447,4.271481369494581,20,0.8,1,WGAN
0.09171001613140106,0.641935408115387,0.8369032740592957,16.56798553466797,0.017162147909402847,3.9364264601270844,4.320960639019288,20,0.8,1,Best diagonal Gaussian
0.12129461765289307,0.03893893212080002,0.8375258445739746,16.334999084472656,0.017174426466226578,4.760180004677799,4.999369566177265,20,0.8,1,Product marginals
0.39818400144577026,0.8690308332443237,0.8105168342590332,16.274677276611328,0.020039990544319153,3.7782070192328376,4.236649268331324,20,0.8,2,WGAN
0.09967347234487534,0.6177050471305847,0.8103150725364685,16.039276123046875,0.018897539004683495,3.9718771109190105,4.325143976226146,20,0.8,2,Best diagonal Gaussian
0.11370152235031128,0.035668857395648956,0.808941662311554,15.779495239257812,0.017559418454766273,4.800594048691872,5.018609970579654,20,0.8,2,Product marginals
0.6328089833259583,0.8534858822822571,0.7681565284729004,15.458709716796875,0.01940595544874668,3.86449399751206,4.42287473517399,20,0.8,3,WGAN
0.11438535153865814,0.5815480947494507,0.7679523825645447,15.198201179504395,0.017591750249266624,4.0266151571027375,4.44309098789569,20,0.8,3,Best diagonal Gaussian
0.15200509130954742,0.04301999509334564,0.7680887579917908,14.98260498046875,0.018253520131111145,4.797328995386478,5.042896102481977,20,0.8,3,Product marginals
0.9167656898498535,0.8472118377685547,0.8005514740943909,16.06317710876465,0.01729307882487774,3.7323237178935527,4.203092467812768,20,0.8,4,WGAN
0.0925910547375679,0.6115989089012146,0.8015444874763489,15.864931106567383,0.01876172609627247,3.8843472751144534,4.202300663142262,20,0.8,4,Best diagonal Gaussian
0.1162826418876648,0.020628225058317184,0.7979597449302673,15.563997268676758,0.018323659896850586,4.685496403646618,4.8651424654440785,20,0.8,4,Product marginals
0.3647441267967224,0.8630477786064148,0.8231247663497925,16.508699417114258,0.018966658040881157,3.813316289070697,4.319829948171434,20,0.8,5,WGAN
0.10196786373853683,0.6323075294494629,0.8242652416229248,16.317821502685547,0.01718805730342865,4.041593095975877,4.439047433277863,20,0.8,5,Best diagonal Gaussian
0.12319621443748474,0.05021881312131882,0.8229321837425232,16.051977157592773,0.018009457737207413,4.806920029581924,5.03649430525266,20,0.8,5,Product marginals
0.12541218101978302,0.8726739883422852,0.7919889688491821,15.929080963134766,0.018006766214966774,3.3651279906638454,3.804279024167521,20,0.8,6,WGAN
0.22440274059772491,0.5993024110794067,0.7919031977653503,15.671089172363281,0.01752695068717003,3.5971507861951677,3.918452911146641,20,0.8,6,Best diagonal Gaussian
0.2494755983352661,0.026925738900899887,0.7919734120368958,15.447026252746582,0.018306521698832512,4.477391922143237,4.669098442198574,20,0.8,6,Product marginals
0.7238365411758423,0.7921823859214783,0.7487510442733765,15.026932716369629,0.01894279196858406,3.4927308313119525,3.944064303323055,20,0.8,7,WGAN
0.20303355157375336,0.5551033020019531,0.74812912940979,14.796350479125977,0.016279980540275574,3.7392413067298964,4.042447177032497,20,0.8,7,Best diagonal Gaussian
0.2413109689950943,0.06692220270633698,0.7494814991950989,14.622870445251465,0.018247980624437332,4.527536934182336,4.716494858001154,20,0.8,7,Product marginals
0.43615204095840454,0.828839123249054,0.774014949798584,15.540963172912598,0.017396429553627968,3.486485307358698,3.9787095337707763,20,0.8,8,WGAN
0.10133770853281021,0.5824957489967346,0.7743446230888367,15.321134567260742,0.015968600288033485,3.7036149185606675,4.074005425672308,20,0.8,8,Best diagonal Gaussian
0.13937199115753174,0.03509288653731346,0.7732251882553101,15.08210277557373,0.017238246276974678,4.63306960962242,4.863885257152827,20,0.8,8,Product marginals
0.21636967360973358,0.8666017651557922,0.78086918592453,15.709935188293457,0.017871465533971786,3.605989797268439,4.112511242117647,20,0.8,9,WGAN
0.13868758082389832,0.5974569320678711,0.7809184789657593,15.457990646362305,0.01778222620487213,3.8212848192508964,4.200217530387863,20,0.8,9,Best diagonal Gaussian
0.13563212752342224,0.04528272897005081,0.7813597321510315,15.241275787353516,0.019304189831018448,4.608766098571997,4.832608946300211,20,0.8,9,Product marginals
