real_mean_1,real_mean_2,fake_mean_1,fake_mean_2,real_var_1,real_var_2,fake_var_1,fake_var_2,real_cov_12,fake_cov_12,real_corr,fake_corr,final_generator_loss,final_critic_loss,selected_epoch,best_val_w1,selected_val_w1,w1,w2,mean_error,var_error,gp_lambda,n_critic,seed,run_dir
0.03359191492199898,0.00651808176189661,0.18414518237113953,-0.20974066853523254,0.9720177054405212,1.0189571380615234,1.0935155153274536,0.9972059726715088,0.00406552292406559,-0.009124143980443478,0.004085087683051825,-0.008737499825656414,0.1456719997804612,0.14190568216145039,70,0.3223246749137422,0.3223246749137422,0.30666813048858405,0.35928241126349525,0.2635035812854767,0.07162448763847351,1.0,1,0,outputs/wgan_gp_hparam_sweep/gp_1_ncritic_1
-0.023446308448910713,-0.0012986826477572322,0.257176011800766,-0.01477019116282463,1.047188639640808,0.9895831942558289,0.9761707186698914,0.9037381410598755,0.024037405848503113,-0.03936195746064186,0.02361288107931614,-0.041907574981451035,1.4807178139686585,0.155218661762774,70,0.26514559691213113,0.26514559691213113,0.3384838113872612,0.3932502430467241,0.2809455096721649,0.07843148708343506,1.0,1,1,outputs/wgan_gp_hparam_sweep/gp_1_ncritic_1
-0.04733068123459816,-0.013395771384239197,0.169030100107193,0.16516445577144623,0.9716730117797852,1.025477647781372,0.8978704810142517,0.818952202796936,-0.008191823959350586,0.03657742589712143,-0.00820649042725563,0.04265569522976875,1.6867561876773833,0.13590102102607488,90,0.23615777157640414,0.23615777157640414,0.34214162946379273,0.3970159153521339,0.28052762150764465,0.14016398787498474,1.0,1,2,outputs/wgan_gp_hparam_sweep/gp_1_ncritic_1
0.011548109352588654,0.004319261759519577,-0.04032403975725174,-0.37174689769744873,0.9489638209342957,0.941338300704956,0.889782726764679,0.9158505797386169,-0.0016979241045191884,0.0654725581407547,-0.0017964724684134126,0.07252787798643112,0.7643967539072036,0.0477082435041666,90,0.30729953915517455,0.30729953915517455,0.4690936299187608,0.5446919286255699,0.3796267509460449,0.042334407567977905,1.0,1,3,outputs/wgan_gp_hparam_sweep/gp_1_ncritic_1
0.0345032662153244,-0.01906593330204487,0.06013580411672592,0.180052250623703,1.0286234617233276,0.9692937731742859,0.8237841129302979,1.151631474494934,0.0015001530991867185,0.007923569530248642,0.0015023796586319804,0.008134996518492699,2.9423755764961244,0.04859715877100825,140,0.2358733721413341,0.2358733721413341,0.26330520066761703,0.3251818336366052,0.20076124370098114,0.193588525056839,1.0,1,4,outputs/wgan_gp_hparam_sweep/gp_1_ncritic_1
0.0007270955829881132,0.04412286356091499,0.05562099441885948,-0.021700041368603706,1.0429942607879639,0.9962249398231506,1.022774338722229,1.094250202178955,-0.02158362790942192,0.0014973483048379421,-0.02117409184575081,0.0014153850497677922,1.8843681275844575,0.08080686992034317,30,0.2756029224695053,0.2756029224695053,0.20413862042208777,0.2657318600034929,0.08570878207683563,0.05912259221076965,1.0,1,5,outputs/wgan_gp_hparam_sweep/gp_1_ncritic_1
-0.006425597704946995,0.04434865713119507,-0.1888894885778427,0.2484757900238037,1.0035741329193115,0.9930002093315125,0.864081859588623,0.7828211784362793,-0.01790984906256199,-0.000850614276714623,-0.017940828576683998,-0.0010342461755499244,2.0290944457054136,0.07163061629980802,170,0.23238635406684408,0.23238635406684408,0.281162020286215,0.3386155462312335,0.2737899720668793,0.17483565211296082,1.0,1,6,outputs/wgan_gp_hparam_sweep/gp_1_ncritic_1
0.008172658272087574,-0.0028530845884233713,-0.14828678965568542,-0.2643550932407379,0.9696036577224731,0.9726228713989258,0.8300932049751282,0.863885760307312,0.016808466985821724,-0.06568529456853867,0.017308473587036133,-0.07756692171096802,-0.05073453783988953,0.18039919752627612,30,0.28496803502040324,0.28496803502040324,0.3488359945279054,0.410267467395918,0.30473408102989197,0.12412378191947937,1.0,1,7,outputs/wgan_gp_hparam_sweep/gp_1_ncritic_1
0.010517772287130356,-0.020015547052025795,-0.24961890280246735,-0.001134940655902028,0.9789043068885803,1.0551074743270874,1.183404564857483,0.945665717124939,0.01199630368500948,-0.01441100612282753,0.011803993955254555,-0.01362256333231926,2.075379711389542,0.08290090467780828,90,0.30543645598680075,0.30543645598680075,0.33998233672965267,0.44650781224707126,0.2608209550380707,0.1569710075855255,1.0,1,8,outputs/wgan_gp_hparam_sweep/gp_1_ncritic_1
-0.030841773375868797,-0.014957192353904247,-0.056169863790273666,-0.19958670437335968,0.9964575171470642,1.0067390203475952,0.8809282779693604,0.769314706325531,0.00992116704583168,0.004811016842722893,0.009905465878546238,0.005844058934599161,0.496141642332077,0.14651599768549203,50,0.28713896601688077,0.28713896601688077,0.33233347662991974,0.39099202307823083,0.1863587200641632,0.17647677659988403,1.0,1,9,outputs/wgan_gp_hparam_sweep/gp_1_ncritic_1
0.03359191492199898,0.00651808176189661,-0.04274821653962135,-0.0883352980017662,0.9720177054405212,1.0189571380615234,0.9596198201179504,1.038905382156372,0.00406552292406559,0.0068309553898870945,0.004085087683051825,0.006841382477432489,1.3647394180297852,0.10991499256342649,140,0.21243685659399453,0.21243685659399453,0.22993687003569974,0.27506273299733297,0.121757872402668,0.016173064708709717,1.0,5,0,outputs/wgan_gp_hparam_sweep/gp_1_ncritic_5
-0.023446308448910713,-0.0012986826477572322,0.027312379330396652,0.045681778341531754,1.047188639640808,0.9895831942558289,1.0126523971557617,0.9891147017478943,0.024037405848503113,-0.03313714265823364,0.02361288107931614,-0.033110179007053375,1.5420084297657013,0.06638214471749962,100,0.1751027787365265,0.1751027787365265,0.20947657992509486,0.26614754284210307,0.06916363537311554,0.01750236749649048,1.0,5,1,outputs/wgan_gp_hparam_sweep/gp_1_ncritic_5
-0.04733068123459816,-0.013395771384239197,-0.051651641726493835,-0.05667199566960335,0.9716730117797852,1.025477647781372,0.9550047516822815,0.9610329866409302,-0.008191823959350586,0.013474722392857075,-0.00820649042725563,0.014065265655517578,-0.2221178151667118,-0.030187267321161927,110,0.17917901577860038,0.17917901577860038,0.19558376842354944,0.24277829655556057,0.04349140450358391,0.04055646061897278,1.0,5,2,outputs/wgan_gp_hparam_sweep/gp_1_ncritic_5
0.011548109352588654,0.004319261759519577,-0.04329768568277359,-0.037235528230667114,0.9489638209342957,0.941338300704956,0.986775815486908,0.9919439554214478,-0.0016979241045191884,0.03712939843535423,-0.0017964724684134126,0.03752883896231651,-0.6199619323015213,0.03270636461675167,60,0.20273546674253676,0.20273546674253676,0.23722708602040615,0.3075997859769504,0.06881032884120941,0.044208824634552,1.0,5,3,outputs/wgan_gp_hparam_sweep/gp_1_ncritic_5
0.0345032662153244,-0.01906593330204487,0.12012814730405807,-0.052478283643722534,1.0286234617233276,0.9692937731742859,1.0162512063980103,0.9729161262512207,0.0015001530991867185,0.01300939079374075,0.0015023796586319804,0.013083342462778091,0.5200481116771698,-0.09027964950073511,170,0.16727061114469333,0.16727061114469333,0.1898593954232508,0.25277098926123054,0.09191302955150604,0.007997304201126099,1.0,5,4,outputs/wgan_gp_hparam_sweep/gp_1_ncritic_5
0.0007270955829881132,0.04412286356091499,-0.12292791157960892,-0.08620166778564453,1.0429942607879639,0.9962249398231506,0.8815901279449463,1.0707826614379883,-0.02158362790942192,-0.011534423567354679,-0.02117409184575081,-0.011871671304106712,0.07440421730279922,0.23877015635371207,170,0.22572999352047263,0.22572999352047263,0.26781548637665076,0.32401099003688955,0.17965255677700043,0.11798092722892761,1.0,5,5,outputs/wgan_gp_hparam_sweep/gp_1_ncritic_5
-0.006425597704946995,0.04434865713119507,0.02576158009469509,0.06815135478973389,1.0035741329193115,0.9930002093315125,1.1162843704223633,0.9593790173530579,-0.01790984906256199,0.0065640960820019245,-0.017940828576683998,0.006342966575175524,-3.189038932323456,0.02767806490883231,200,0.20882717071805965,0.20882717071805965,0.23098005102111444,0.2838432983207461,0.0400322750210762,0.07316571474075317,1.0,5,6,outputs/wgan_gp_hparam_sweep/gp_1_ncritic_5
0.008172658272087574,-0.0028530845884233713,-0.07124784588813782,0.011792676523327827,0.9696036577224731,0.9726228713989258,0.8606346845626831,0.7508648037910461,0.016808466985821724,-0.03462065011262894,0.017308473587036133,-0.04306703060865402,-0.695915162563324,0.23915305733680725,60,0.17839943294108265,0.17839943294108265,0.2778731659554598,0.33518251059687676,0.08075961470603943,0.16536352038383484,1.0,5,7,outputs/wgan_gp_hparam_sweep/gp_1_ncritic_5
0.010517772287130356,-0.020015547052025795,0.013843380846083164,0.006988528184592724,0.9789043068885803,1.0551074743270874,1.0031068325042725,1.0628329515457153,0.01199630368500948,-0.02477892115712166,0.011803993955254555,-0.023998068645596504,1.7627738416194916,-0.07613579058088363,150,0.17797210946589387,0.17797210946589387,0.20266740400117764,0.25720654868734394,0.027208080515265465,0.015964001417160034,1.0,5,8,outputs/wgan_gp_hparam_sweep/gp_1_ncritic_5
-0.030841773375868797,-0.014957192353904247,0.08579756319522858,0.026118623092770576,0.9964575171470642,1.0067390203475952,0.9533637762069702,0.9080703854560852,0.00992116704583168,0.0010798126459121704,0.009905465878546238,0.0011605378240346909,0.24916228652000427,-0.014784481795504689,170,0.1969239099652051,0.1969239099652051,0.2248055738840443,0.2810316778733276,0.12366065382957458,0.070881187915802,1.0,5,9,outputs/wgan_gp_hparam_sweep/gp_1_ncritic_5
0.03359191492199898,0.00651808176189661,-0.011312426067888737,0.031569257378578186,0.9720177054405212,1.0189571380615234,0.9326831102371216,0.9332404136657715,0.00406552292406559,0.01010429672896862,0.004085087683051825,0.010830343700945377,-0.015362495556473732,-0.05313683394342661,160,0.17814973790067426,0.17814973790067426,0.19128596656627722,0.251285518129019,0.0514194630086422,0.0625256597995758,1.0,10,0,outputs/wgan_gp_hparam_sweep/gp_1_ncritic_10
-0.023446308448910713,-0.0012986826477572322,0.0038214654196053743,0.15585796535015106,1.047188639640808,0.9895831942558289,1.1241514682769775,1.0247764587402344,0.024037405848503113,0.04144464060664177,0.02361288107931614,0.0386136993765831,-0.493338018655777,0.12611360624432563,160,0.19465332158859452,0.19465332158859452,0.25984233740653967,0.30360064283644317,0.15950468182563782,0.056078046560287476,1.0,10,1,outputs/wgan_gp_hparam_sweep/gp_1_ncritic_10
-0.04733068123459816,-0.013395771384239197,0.04694944620132446,-0.0834261104464531,0.9716730117797852,1.025477647781372,0.85240638256073,0.8222460746765137,-0.008191823959350586,-0.014051283709704876,-0.00820649042725563,-0.016783855855464935,-0.24050091952085495,0.13961023408919573,90,0.21007143352875415,0.21007143352875415,0.24933738694825047,0.30708556502724954,0.11744356155395508,0.1612491011619568,1.0,10,2,outputs/wgan_gp_hparam_sweep/gp_1_ncritic_10
0.011548109352588654,0.004319261759519577,0.03034922666847706,-0.06314361840486526,0.9489638209342957,0.941338300704956,1.021644115447998,0.9693957567214966,-0.0016979241045191884,0.03285529091954231,-0.0017964724684134126,0.03301451727747917,-0.22248166054487228,-0.023435793886892497,130,0.18177017098864762,0.18177017098864762,0.20768549116803728,0.2792054708434375,0.0700337216258049,0.05036887526512146,1.0,10,3,outputs/wgan_gp_hparam_sweep/gp_1_ncritic_10
0.0345032662153244,-0.01906593330204487,0.11372017115354538,-0.00975133292376995,1.0286234617233276,0.9692937731742859,1.032872200012207,0.9431056976318359,0.0015001530991867185,0.011355447582900524,0.0015023796586319804,0.011505375616252422,0.9123044013977051,0.11066355584189295,200,0.16854507148669967,0.16854507148669967,0.19540179117432394,0.2589829715071678,0.07976264506578445,0.015218406915664673,1.0,10,4,outputs/wgan_gp_hparam_sweep/gp_1_ncritic_10
0.0007270955829881132,0.04412286356091499,-0.03945683315396309,-0.05668399855494499,1.0429942607879639,0.9962249398231506,0.8740394711494446,0.9687458872795105,-0.02158362790942192,-0.008461126126348972,-0.02117409184575081,-0.009195126593112946,0.3001805990934372,-0.006030622846446931,200,0.2163956016152576,0.2163956016152576,0.20679533928189592,0.2640761573987372,0.10852083563804626,0.09821692109107971,1.0,10,5,outputs/wgan_gp_hparam_sweep/gp_1_ncritic_10
-0.006425597704946995,0.04434865713119507,-0.06369472295045853,0.1291283518075943,1.0035741329193115,0.9930002093315125,0.7739350199699402,0.8002510070800781,-0.01790984906256199,0.0035591593477874994,-0.017940828576683998,0.004522536415606737,1.2968699932098389,0.2566231332719326,100,0.19454364234079768,0.19454364234079768,0.20174128803879007,0.2562901194067567,0.10231006890535355,0.21119415760040283,1.0,10,6,outputs/wgan_gp_hparam_sweep/gp_1_ncritic_10
0.008172658272087574,-0.0028530845884233713,-0.049538351595401764,0.03582225367426872,0.9696036577224731,0.9726228713989258,1.0680395364761353,0.9288111925125122,0.016808466985821724,0.009139331057667732,0.017308473587036133,0.009176075458526611,1.1668418645858765,0.06832845080643893,150,0.17346446308885802,0.17346446308885802,0.21568849531646858,0.25898034686390004,0.06947188079357147,0.07112377882003784,1.0,10,7,outputs/wgan_gp_hparam_sweep/gp_1_ncritic_10
0.010517772287130356,-0.020015547052025795,-0.004884458612650633,-0.012900620698928833,0.9789043068885803,1.0551074743270874,1.0160032510757446,0.9883006811141968,0.01199630368500948,-0.023651577532291412,0.011803993955254555,-0.02360304445028305,1.1057090163230896,-0.037702617375180124,200,0.17886764041806955,0.17886764041806955,0.20859178322861388,0.2686387248845683,0.016966169700026512,0.051952868700027466,1.0,10,8,outputs/wgan_gp_hparam_sweep/gp_1_ncritic_10
-0.030841773375868797,-0.014957192353904247,-0.09333880245685577,0.010767035186290741,0.9964575171470642,1.0067390203475952,1.0761668682098389,0.976550281047821,0.00992116704583168,0.0044378554448485374,0.009905465878546238,0.004328984767198563,-0.5801240503787994,-0.07069470230489969,150,0.21020951750894365,0.21020951750894365,0.19544504551001568,0.25860374477692794,0.06758412718772888,0.054949045181274414,1.0,10,9,outputs/wgan_gp_hparam_sweep/gp_1_ncritic_10
0.03359191492199898,0.00651808176189661,0.28230521082878113,0.16419915854930878,0.9720177054405212,1.0189571380615234,1.0893200635910034,0.8508803844451904,0.00406552292406559,-0.006073603872209787,0.004085087683051825,-0.006308621261268854,0.8063144207000732,0.23878722861409188,60,0.34910148528603924,0.34910148528603924,0.30865024124829965,0.4155629580586975,0.2944853603839874,0.1426895558834076,2.0,1,0,outputs/wgan_gp_hparam_sweep/gp_2_ncritic_1
-0.023446308448910713,-0.0012986826477572322,0.03207464888691902,0.08251702785491943,1.047188639640808,0.9895831942558289,1.939041256904602,1.0097908973693848,0.024037405848503113,-0.05324215814471245,0.02361288107931614,-0.038049276918172836,1.5831400573253631,0.15263135824352503,20,0.3438373501182569,0.3438373501182569,0.3816465201515319,0.45098889805140985,0.10053680837154388,0.4560301601886749,2.0,1,1,outputs/wgan_gp_hparam_sweep/gp_2_ncritic_1
-0.04733068123459816,-0.013395771384239197,0.1845887303352356,0.2355518341064453,0.9716730117797852,1.025477647781372,1.0000778436660767,0.9964152574539185,-0.008191823959350586,0.044140759855508804,-0.00820649042725563,0.04421837255358696,-0.12744538225233554,0.08215067898854614,70,0.2636576562126894,0.2636576562126894,0.37597292693325424,0.44156947173542876,0.34023746848106384,0.02873361110687256,2.0,1,2,outputs/wgan_gp_hparam_sweep/gp_2_ncritic_1
0.011548109352588654,0.004319261759519577,0.22193974256515503,-0.28216174244880676,0.9489638209342957,0.941338300704956,0.9962228536605835,0.8500739336013794,-0.0016979241045191884,0.06578729301691055,-0.0017964724684134126,0.07148837298154831,1.3409561932086944,0.18414645474404095,100,0.2857660190615176,0.2857660190615176,0.3505003279775176,0.4155362783976276,0.3554377555847168,0.06926169991493225,2.0,1,3,outputs/wgan_gp_hparam_sweep/gp_2_ncritic_1
0.0345032662153244,-0.01906593330204487,0.0594717413187027,0.21105916798114777,1.0286234617233276,0.9692937731742859,0.8595787286758423,1.0467811822891235,0.0015001530991867185,0.01393101830035448,0.0015023796586319804,0.014686289243400097,1.2238040745258332,0.09780786205083132,50,0.2538862598974663,0.2538862598974663,0.2864585039524889,0.33015349290919416,0.23147566616535187,0.1232660710811615,2.0,1,4,outputs/wgan_gp_hparam_sweep/gp_2_ncritic_1
0.0007270955829881132,0.04412286356091499,-0.39555731415748596,-0.29273608326911926,1.0429942607879639,0.9962249398231506,1.0210397243499756,0.9082280397415161,-0.02158362790942192,-0.0015713375760242343,-0.02117409184575081,-0.0016317390836775303,0.09544321410357952,0.14623181875795127,100,0.4038177597734525,0.4038177597734525,0.6000438956962315,0.6361037085147195,0.5201108455657959,0.0549757182598114,2.0,1,5,outputs/wgan_gp_hparam_sweep/gp_2_ncritic_1
-0.006425597704946995,0.04434865713119507,-0.2264663726091385,0.2897174060344696,1.0035741329193115,0.9930002093315125,1.0124578475952148,1.0319546461105347,-0.01790984906256199,-0.004511808045208454,-0.017940828576683998,-0.004413994960486889,-1.132127034664154,0.08380194054916501,70,0.28668155178768817,0.28668155178768817,0.32187580802057775,0.41607769046477655,0.32958120107650757,0.02391907572746277,2.0,1,6,outputs/wgan_gp_hparam_sweep/gp_2_ncritic_1
0.008172658272087574,-0.0028530845884233713,-0.19255447387695312,-0.058120355010032654,0.9696036577224731,0.9726228713989258,0.8780470490455627,0.855844259262085,0.016808466985821724,-0.06975191831588745,0.017308473587036133,-0.08046367764472961,1.4608393251895904,0.15673753805458546,60,0.2254019092865537,0.2254019092865537,0.30200293145301044,0.3733006751170544,0.20819666981697083,0.10416761040687561,2.0,1,7,outputs/wgan_gp_hparam_sweep/gp_2_ncritic_1
0.010517772287130356,-0.020015547052025795,0.1258258819580078,0.17756424844264984,0.9789043068885803,1.0551074743270874,0.7603845596313477,1.2552229166030884,0.01199630368500948,-0.00810333900153637,0.011803993955254555,-0.008294438011944294,0.22527854479849338,0.03810065314173698,30,0.278196083762301,0.278196083762301,0.3113771188820352,0.3600657756802458,0.22876568138599396,0.20931759476661682,2.0,1,8,outputs/wgan_gp_hparam_sweep/gp_2_ncritic_1
-0.030841773375868797,-0.014957192353904247,0.2824859321117401,0.15453758835792542,0.9964575171470642,1.0067390203475952,1.1042802333831787,0.9166423678398132,0.00992116704583168,0.01057476457208395,0.009905465878546238,0.010510686784982681,0.3821079917252064,0.11546198334544897,60,0.2899764425916996,0.2899764425916996,0.3880540155800442,0.43852163286815876,0.3562341034412384,0.09895968437194824,2.0,1,9,outputs/wgan_gp_hparam_sweep/gp_2_ncritic_1
0.03359191492199898,0.00651808176189661,-0.020918872207403183,0.049105916172266006,0.9720177054405212,1.0189571380615234,0.9431150555610657,1.092983603477478,0.00406552292406559,0.00500807911157608,0.004085087683051825,0.004932669457048178,-0.3040017634630203,-0.04476722553372383,190,0.20917271823784292,0.20917271823784292,0.2027667742031953,0.2561761662551262,0.06917477399110794,0.05146455764770508,2.0,5,0,outputs/wgan_gp_hparam_sweep/gp_2_ncritic_5
-0.023446308448910713,-0.0012986826477572322,0.016239317134022713,0.004490470048040152,1.047188639640808,0.9895831942558289,0.9722608923912048,0.9825575351715088,0.024037405848503113,-0.03089088201522827,0.02361288107931614,-0.031605299562215805,1.0422740280628204,-0.059277015086263415,200,0.1871688779823395,0.1871688779823395,0.20046961005645206,0.2649813701625703,0.04010565206408501,0.04097670316696167,2.0,5,1,outputs/wgan_gp_hparam_sweep/gp_2_ncritic_5
-0.04733068123459816,-0.013395771384239197,0.01807313784956932,0.0024103475734591484,0.9716730117797852,1.025477647781372,0.9989933967590332,1.006265640258789,-0.008191823959350586,0.03496943414211273,-0.00820649042725563,0.0348779521882534,-0.4728598892688751,0.12754153572022914,170,0.19749535791377307,0.19749535791377307,0.2092264761934999,0.26079393715428273,0.0672866478562355,0.023266196250915527,2.0,5,2,outputs/wgan_gp_hparam_sweep/gp_2_ncritic_5
0.011548109352588654,0.004319261759519577,0.018462970852851868,-0.12103819102048874,0.9489638209342957,0.941338300704956,0.8666843771934509,0.8985384702682495,-0.0016979241045191884,0.03622331842780113,-0.0017964724684134126,0.041047755628824234,0.3896370455622673,0.21821108348667623,80,0.17725231778570646,0.17725231778570646,0.23562987386654044,0.3045152479990665,0.12554802000522614,0.06253963708877563,2.0,5,3,outputs/wgan_gp_hparam_sweep/gp_2_ncritic_5
0.0345032662153244,-0.01906593330204487,-0.017076600342988968,-0.06720729172229767,1.0286234617233276,0.9692937731742859,0.9927951693534851,0.9416846036911011,0.0015001530991867185,0.012937008403241634,0.0015023796586319804,0.01337985135614872,0.08406336745247245,0.09869942571967841,190,0.1994252507049632,0.1994252507049632,0.18191662796707267,0.23712223202596358,0.07055546343326569,0.03171873092651367,2.0,5,4,outputs/wgan_gp_hparam_sweep/gp_2_ncritic_5
0.0007270955829881132,0.04412286356091499,-0.0987911969423294,-0.11630907654762268,1.0429942607879639,0.9962249398231506,0.9680866599082947,1.03585946559906,-0.02158362790942192,-0.013346013613045216,-0.02117409184575081,-0.013327355496585369,-1.546315759420395,0.44531873762607577,140,0.2030376433505034,0.2030376433505034,0.276295933531273,0.31940488717476284,0.1887916773557663,0.05727106332778931,2.0,5,5,outputs/wgan_gp_hparam_sweep/gp_2_ncritic_5
-0.006425597704946995,0.04434865713119507,-0.04754096642136574,0.21946798264980316,1.0035741329193115,0.9930002093315125,0.9433090090751648,0.9770697951316833,-0.01790984906256199,0.011197461746633053,-0.017940828576683998,0.011663524433970451,1.0293304324150085,0.04738761400803924,60,0.18935595604685063,0.18935595604685063,0.23916215804731844,0.2892356829886972,0.17988121509552002,0.038097769021987915,2.0,5,6,outputs/wgan_gp_hparam_sweep/gp_2_ncritic_5
0.008172658272087574,-0.0028530845884233713,-0.003047655103728175,-0.0170500036329031,0.9696036577224731,0.9726228713989258,1.1125305891036987,1.1166983842849731,0.016808466985821724,-0.04945579171180725,0.017308473587036133,-0.044370390474796295,0.41316327452659607,0.15659891068935394,50,0.21655007531069156,0.21655007531069156,0.23602381283621654,0.2938129828251833,0.01809552311897278,0.14350122213363647,2.0,5,7,outputs/wgan_gp_hparam_sweep/gp_2_ncritic_5
0.010517772287130356,-0.020015547052025795,0.05988797917962074,-0.057605281472206116,0.9789043068885803,1.0551074743270874,0.948311984539032,1.1994966268539429,0.01199630368500948,-0.024516385048627853,0.011803993955254555,-0.022986946627497673,-0.27783114835619926,0.23957320302724838,120,0.1968669849821198,0.1968669849821198,0.20048575930665113,0.2536760291671994,0.06205163523554802,0.0874907374382019,2.0,5,8,outputs/wgan_gp_hparam_sweep/gp_2_ncritic_5
-0.030841773375868797,-0.014957192353904247,0.08228415250778198,-0.02064729668200016,0.9964575171470642,1.0067390203475952,1.0744751691818237,1.0729504823684692,0.00992116704583168,0.0023819406051188707,0.009905465878546238,0.0022184152621775866,0.8468262702226639,0.19315109364688396,140,0.21263191542912002,0.21263191542912002,0.22802053626374635,0.28060989126675656,0.11326894164085388,0.07211455702781677,2.0,5,9,outputs/wgan_gp_hparam_sweep/gp_2_ncritic_5
0.03359191492199898,0.00651808176189661,-0.04538780078291893,-0.005485412664711475,0.9720177054405212,1.0189571380615234,0.950579822063446,0.8116554617881775,0.00406552292406559,0.007239682599902153,0.004085087683051825,0.008242127485573292,1.8552807569503784,0.3154371280223131,90,0.19307571194906067,0.19307571194906067,0.21996033520492003,0.28122013489375053,0.07988666743040085,0.11436977982521057,2.0,10,0,outputs/wgan_gp_hparam_sweep/gp_2_ncritic_10
-0.023446308448910713,-0.0012986826477572322,0.02862960286438465,0.13372761011123657,1.047188639640808,0.9895831942558289,0.9386824369430542,1.0100833177566528,0.024037405848503113,0.03678165003657341,0.02361288107931614,0.03777402639389038,1.0831078886985779,-0.022342188842594625,150,0.18660127874401206,0.18660127874401206,0.26280602046202917,0.3074410094849318,0.1447204202413559,0.06450316309928894,2.0,10,1,outputs/wgan_gp_hparam_sweep/gp_2_ncritic_10
-0.04733068123459816,-0.013395771384239197,-0.1454780399799347,0.026172015815973282,0.9716730117797852,1.025477647781372,0.9162906408309937,0.8086709976196289,-0.008191823959350586,-0.01336971390992403,-0.00820649042725563,-0.015531720593571663,1.0092710554599762,0.016561787063255905,150,0.195265737035541,0.195265737035541,0.2360364266338699,0.2869214049824592,0.10582304000854492,0.13609451055526733,2.0,10,2,outputs/wgan_gp_hparam_sweep/gp_2_ncritic_10
0.011548109352588654,0.004319261759519577,0.06778456270694733,-0.17043514549732208,0.9489638209342957,0.941338300704956,1.0151877403259277,1.0697681903839111,-0.0016979241045191884,0.03698015213012695,-0.0017964724684134126,0.03548547625541687,0.054017563350498676,0.20175706408917904,130,0.17918930884821327,0.17918930884821327,0.2615312675340957,0.3599017842117134,0.18358007073402405,0.09732690453529358,2.0,10,3,outputs/wgan_gp_hparam_sweep/gp_2_ncritic_10
0.0345032662153244,-0.01906593330204487,0.08649742603302002,-0.13285495340824127,1.0286234617233276,0.9692937731742859,1.1797637939453125,1.0112237930297852,0.0015001530991867185,0.010557136498391628,0.0015023796586319804,0.009665513411164284,-1.249974548816681,-0.2612932935357094,100,0.21729159350630248,0.21729159350630248,0.22447011039280185,0.30721634223847993,0.12510529160499573,0.09653517603874207,2.0,10,4,outputs/wgan_gp_hparam_sweep/gp_2_ncritic_10
0.0007270955829881132,0.04412286356091499,-0.022057613357901573,-0.08953318744897842,1.0429942607879639,0.9962249398231506,0.9333872199058533,0.9316429495811462,-0.02158362790942192,-0.01298657339066267,-0.02117409184575081,-0.013926401734352112,0.20498571544885635,0.012184188421815633,200,0.19448612422645678,0.19448612422645678,0.21845466231756402,0.26567546304570927,0.13558423519134521,0.0870945155620575,2.0,10,5,outputs/wgan_gp_hparam_sweep/gp_2_ncritic_10
-0.006425597704946995,0.04434865713119507,-0.016645504161715508,0.15583276748657227,1.0035741329193115,0.9930002093315125,0.8530870079994202,0.911949872970581,-0.01790984906256199,0.006102272309362888,-0.017940828576683998,0.006918460130691528,0.7380546629428864,0.14925607293844223,140,0.17405140798868024,0.17405140798868024,0.1979664101732402,0.2503335457759898,0.1119515672326088,0.11576873064041138,2.0,10,6,outputs/wgan_gp_hparam_sweep/gp_2_ncritic_10
0.008172658272087574,-0.0028530845884233713,-0.013726993463933468,0.0583682656288147,0.9696036577224731,0.9726228713989258,0.8981199264526367,0.9113990068435669,0.016808466985821724,0.006448287051171064,0.017308473587036133,0.007127264980226755,0.12045777961611748,0.4586390659213066,180,0.1746358318256603,0.1746358318256603,0.22867401476538707,0.270487762690052,0.0650203675031662,0.06635379791259766,2.0,10,7,outputs/wgan_gp_hparam_sweep/gp_2_ncritic_10
0.010517772287130356,-0.020015547052025795,-0.00474888551980257,0.03021767921745777,0.9789043068885803,1.0551074743270874,1.04271399974823,1.0566837787628174,0.01199630368500948,-0.025664903223514557,0.011803993955254555,-0.02445031702518463,0.1584024503827095,0.16432886179536582,140,0.1883536260149797,0.1883536260149797,0.2175789913474056,0.2720600087576188,0.05250188335776329,0.03269299864768982,2.0,10,8,outputs/wgan_gp_hparam_sweep/gp_2_ncritic_10
-0.030841773375868797,-0.014957192353904247,0.028844578191637993,0.013561991043388844,0.9964575171470642,1.0067390203475952,0.8571186661720276,0.8398017287254333,0.00992116704583168,0.0003978357999585569,0.009905465878546238,0.0004689159104600549,0.3907374143600464,-0.11546249892562628,100,0.20475555272133414,0.20475555272133414,0.22594379953680646,0.2960894661317122,0.06614986807107925,0.15313807129859924,2.0,10,9,outputs/wgan_gp_hparam_sweep/gp_2_ncritic_10
0.03359191492199898,0.00651808176189661,-0.12329298257827759,0.18172870576381683,0.9720177054405212,1.0189571380615234,1.2779922485351562,0.6498159170150757,0.00406552292406559,-0.009164944291114807,0.004085087683051825,-0.010057048872113228,-3.1700435042381288,0.022933675348758696,160,0.3848771015838773,0.3848771015838773,0.3394618338642818,0.4696229658052737,0.23518425226211548,0.3375578820705414,5.0,1,0,outputs/wgan_gp_hparam_sweep/gp_5_ncritic_1
-0.023446308448910713,-0.0012986826477572322,0.05531543865799904,-0.33242473006248474,1.047188639640808,0.9895831942558289,1.3898717164993286,0.8309010863304138,0.024037405848503113,-0.05854179710149765,0.02361288107931614,-0.054475847631692886,0.5552096903324127,0.5634940013289451,30,0.4374305479482671,0.4374305479482671,0.41649624581481426,0.49808287383005706,0.3403643071651459,0.2506825923919678,5.0,1,1,outputs/wgan_gp_hparam_sweep/gp_5_ncritic_1
-0.04733068123459816,-0.013395771384239197,-0.4089058041572571,0.018907979130744934,0.9716730117797852,1.025477647781372,0.7799497246742249,1.1998344659805298,-0.008191823959350586,0.01962856948375702,-0.00820649042725563,0.020290588960051537,-0.1467578848823905,0.37003701478242873,140,0.40618314891336477,0.40618314891336477,0.4281924485359933,0.4841410369281873,0.3630152940750122,0.183040052652359,5.0,1,2,outputs/wgan_gp_hparam_sweep/gp_5_ncritic_1
0.011548109352588654,0.004319261759519577,0.28291577100753784,-0.31658756732940674,0.9489638209342957,0.941338300704956,0.9507589340209961,0.7401543855667114,-0.0016979241045191884,0.05484770983457565,-0.0017964724684134126,0.06538259238004684,-0.19752942472696305,0.7496705055236816,60,0.36492665829699483,0.36492665829699483,0.4044672186911572,0.45677736116352363,0.42026373744010925,0.10148951411247253,5.0,1,3,outputs/wgan_gp_hparam_sweep/gp_5_ncritic_1
0.0345032662153244,-0.01906593330204487,0.5249451994895935,0.053927380591630936,1.0286234617233276,0.9692937731742859,0.6508479118347168,0.6453623175621033,0.0015001530991867185,0.0037531887646764517,0.0015023796586319804,0.005791070871055126,1.6842488408088685,0.3511662669479847,150,0.4921528748375161,0.4921528748375161,0.5564358501801366,0.6401425402864968,0.4958440363407135,0.35085350275039673,5.0,1,4,outputs/wgan_gp_hparam_sweep/gp_5_ncritic_1
0.0007270955829881132,0.04412286356091499,-0.19818077981472015,-0.38877737522125244,1.0429942607879639,0.9962249398231506,0.8397552371025085,0.9499933123588562,-0.02158362790942192,-0.010761228390038013,-0.02117409184575081,-0.012048284523189068,-1.7177909910678864,0.4130379490554333,140,0.32552196054296983,0.32552196054296983,0.5401257089912299,0.5867716142896435,0.47641050815582275,0.12473532557487488,5.0,1,5,outputs/wgan_gp_hparam_sweep/gp_5_ncritic_1
-0.006425597704946995,0.04434865713119507,0.20088039338588715,0.5096535086631775,1.0035741329193115,0.9930002093315125,0.8281692862510681,0.7910224199295044,-0.01790984906256199,0.009575470350682735,-0.017940828576683998,0.011830583214759827,-0.1840003261808306,0.7673428550362587,70,0.45092175809941504,0.45092175809941504,0.5646122548472485,0.6076161955435082,0.5093960762023926,0.18869131803512573,5.0,1,6,outputs/wgan_gp_hparam_sweep/gp_5_ncritic_1
0.008172658272087574,-0.0028530845884233713,-0.055713262408971786,0.06948255002498627,0.9696036577224731,0.9726228713989258,0.9739351272583008,0.989690899848938,0.016808466985821724,-0.06386459618806839,0.017308473587036133,-0.06504970788955688,-0.3285521075129509,0.8774202540516853,60,0.2563854103810646,0.2563854103810646,0.23753042203718885,0.3355201931688006,0.09650831669569016,0.010699748992919922,5.0,1,7,outputs/wgan_gp_hparam_sweep/gp_5_ncritic_1
0.010517772287130356,-0.020015547052025795,0.4156789481639862,-0.3073364198207855,0.9789043068885803,1.0551074743270874,1.344322681427002,1.5390843152999878,0.01199630368500948,-0.007318637799471617,0.011803993955254555,-0.0050880019553005695,0.310281084664166,0.5728836089372635,120,0.5676698941369381,0.5676698941369381,0.5082772257165904,0.6628898860626861,0.49669796228408813,0.424697607755661,5.0,1,8,outputs/wgan_gp_hparam_sweep/gp_5_ncritic_1
-0.030841773375868797,-0.014957192353904247,0.05477675795555115,0.08856011927127838,0.9964575171470642,1.0067390203475952,0.34287863969802856,0.05510852113366127,0.00992116704583168,0.0007571615860797465,0.009905465878546238,0.0055081904865801334,1.0570456236600876,0.15473595783114433,110,0.7680373164789284,0.7680373164789284,0.7844419054569615,0.9154430475381181,0.13433676958084106,0.8026046883314848,5.0,1,9,outputs/wgan_gp_hparam_sweep/gp_5_ncritic_1
0.03359191492199898,0.00651808176189661,-0.020705999806523323,-0.05221078544855118,0.9720177054405212,1.0189571380615234,0.8460956811904907,1.0788580179214478,0.00406552292406559,-0.0023401512298732996,0.004085087683051825,-0.002449356485158205,1.3919742405414581,0.322477725148201,170,0.2623803107307478,0.2623803107307478,0.28966462722837366,0.35250075140532333,0.07998339086771011,0.09291145205497742,5.0,5,0,outputs/wgan_gp_hparam_sweep/gp_5_ncritic_5
-0.023446308448910713,-0.0012986826477572322,-0.006787828169763088,-0.007279086858034134,1.047188639640808,0.9895831942558289,1.1869351863861084,1.0457501411437988,0.024037405848503113,-0.038252606987953186,0.02361288107931614,-0.03433472663164139,0.09293447528034449,-0.5590051338076591,150,0.2183483737376353,0.2183483737376353,0.2421976860794072,0.322004754763225,0.01769944094121456,0.09795674681663513,5.0,5,1,outputs/wgan_gp_hparam_sweep/gp_5_ncritic_5
-0.04733068123459816,-0.013395771384239197,0.0866846889257431,-0.025083450600504875,0.9716730117797852,1.025477647781372,0.9036381244659424,0.9858707785606384,-0.008191823959350586,0.018626684322953224,-0.00820649042725563,0.019734596833586693,-1.3309442400932312,0.16500197127461433,100,0.2536715661243647,0.2536715661243647,0.2405953352373538,0.3141129665912827,0.13452404737472534,0.05382087826728821,5.0,5,2,outputs/wgan_gp_hparam_sweep/gp_5_ncritic_5
0.011548109352588654,0.004319261759519577,0.11179039627313614,-0.08735360950231552,0.9489638209342957,0.941338300704956,1.3313144445419312,1.2008652687072754,-0.0016979241045191884,0.07037564367055893,-0.0017964724684134126,0.055658940225839615,2.7460089921951294,-0.6503379493951797,130,0.23350279216021752,0.23350279216021752,0.2853802277540285,0.3724762145799864,0.13583971560001373,0.3209387958049774,5.0,5,3,outputs/wgan_gp_hparam_sweep/gp_5_ncritic_5
0.0345032662153244,-0.01906593330204487,-0.03007485903799534,0.03603186830878258,1.0286234617233276,0.9692937731742859,1.027669906616211,1.0489214658737183,0.0015001530991867185,0.016668932512402534,0.0015023796586319804,0.016054969280958176,0.07528041978366673,0.2508410580456257,180,0.21645004859268333,0.21645004859268333,0.2079014700538213,0.26510239983265055,0.0848887637257576,0.040290623903274536,5.0,5,4,outputs/wgan_gp_hparam_sweep/gp_5_ncritic_5
0.0007270955829881132,0.04412286356091499,-0.06511636823415756,-0.17571477591991425,1.0429942607879639,0.9962249398231506,1.0252118110656738,0.9936604499816895,-0.02158362790942192,-0.0095943259075284,-0.02117409184575081,-0.0095057999715209,-0.6049435287714005,0.7035145089030266,190,0.19732556038306312,0.19732556038306312,0.30481761223755627,0.3588885506734824,0.22948627173900604,0.01017346978187561,5.0,5,5,outputs/wgan_gp_hparam_sweep/gp_5_ncritic_5
-0.006425597704946995,0.04434865713119507,-0.05514821037650108,0.23371872305870056,1.0035741329193115,0.9930002093315125,0.8190675377845764,0.977846622467041,-0.01790984906256199,0.013238024897873402,-0.017940828576683998,0.014792036265134811,1.5396998524665833,-0.1544157588854432,140,0.26769209726844334,0.26769209726844334,0.303878846937324,0.36935463405571534,0.1955375075340271,0.09983009099960327,5.0,5,6,outputs/wgan_gp_hparam_sweep/gp_5_ncritic_5
0.008172658272087574,-0.0028530845884233713,-0.051508817821741104,0.011903014965355396,0.9696036577224731,0.9726228713989258,0.9764062166213989,1.0790095329284668,0.016808466985821724,-0.06244055926799774,0.017308473587036133,-0.06083294749259949,1.3014363646507263,0.5988785177469254,90,0.2176891747500666,0.2176891747500666,0.20913278547820188,0.27728649219113816,0.0614786222577095,0.0565946102142334,5.0,5,7,outputs/wgan_gp_hparam_sweep/gp_5_ncritic_5
0.010517772287130356,-0.020015547052025795,-0.0068668643943965435,0.050011709332466125,0.9789043068885803,1.0551074743270874,1.0885789394378662,1.1468275785446167,0.01199630368500948,-0.01918274722993374,0.011803993955254555,-0.017168479040265083,-1.0534864366054535,0.004287303984165191,160,0.20452031207583596,0.20452031207583596,0.23823388487161376,0.3249702083484813,0.07215290516614914,0.10069736838340759,5.0,5,8,outputs/wgan_gp_hparam_sweep/gp_5_ncritic_5
-0.030841773375868797,-0.014957192353904247,-0.030830107629299164,0.007052553817629814,0.9964575171470642,1.0067390203475952,0.817478358745575,0.6401969194412231,0.00992116704583168,0.003289479296654463,0.009905465878546238,0.004547076299786568,-0.15562015399336815,-0.36863986402750015,170,0.27233907154139464,0.27233907154139464,0.289421856587309,0.3532327845314176,0.022009748965501785,0.27276062965393066,5.0,5,9,outputs/wgan_gp_hparam_sweep/gp_5_ncritic_5
0.03359191492199898,0.00651808176189661,0.0027336678467690945,0.05435297265648842,0.9720177054405212,1.0189571380615234,0.9393118619918823,0.7499961256980896,0.00406552292406559,0.00680090207606554,0.004085087683051825,0.00810274388641119,0.6138090491294861,0.2177316289395094,180,0.19817108578558917,0.19817108578558917,0.21070852194529216,0.2785140778813954,0.05692458525300026,0.15083342790603638,5.0,10,0,outputs/wgan_gp_hparam_sweep/gp_5_ncritic_10
-0.023446308448910713,-0.0012986826477572322,-0.022975124418735504,0.03809375688433647,1.047188639640808,0.9895831942558289,0.7670388221740723,0.9999659657478333,0.024037405848503113,0.028791269287467003,0.02361288107931614,0.03287452831864357,1.5009875893592834,-0.03132965490221977,200,0.22815633920514816,0.22815633920514816,0.23237423356853615,0.2975923669914324,0.03939525783061981,0.14526629447937012,5.0,10,1,outputs/wgan_gp_hparam_sweep/gp_5_ncritic_10
-0.04733068123459816,-0.013395771384239197,-0.012622268870472908,-0.03172364458441734,0.9716730117797852,1.025477647781372,1.0441136360168457,1.0219160318374634,-0.008191823959350586,-0.003079463727772236,-0.00820649042725563,-0.0029812173452228308,1.457927405834198,0.5074078574776649,180,0.21778106363074753,0.21778106363074753,0.21290160005018924,0.2876706179189634,0.03925028443336487,0.03800112009048462,5.0,10,2,outputs/wgan_gp_hparam_sweep/gp_5_ncritic_10
0.011548109352588654,0.004319261759519577,0.048997923731803894,-0.14875692129135132,0.9489638209342957,0.941338300704956,0.8395954966545105,1.0728815793991089,-0.0016979241045191884,0.035382229834795,-0.0017964724684134126,0.03727985545992851,1.6015326380729675,-0.014290696568787098,200,0.18449364315634303,0.18449364315634303,0.2576247323738444,0.34227484469318137,0.15759062767028809,0.120455801486969,5.0,10,3,outputs/wgan_gp_hparam_sweep/gp_5_ncritic_10
0.0345032662153244,-0.01906593330204487,0.05306858569383621,-0.0844370424747467,1.0286234617233276,0.9692937731742859,1.0387542247772217,0.6892436146736145,0.0015001530991867185,0.010408591479063034,0.0015023796586319804,0.0123012475669384,-1.2662903666496277,0.20065199509263038,130,0.23224265779276562,0.23224265779276562,0.21688283325320246,0.29258843162664816,0.06795626133680344,0.14509046077728271,5.0,10,4,outputs/wgan_gp_hparam_sweep/gp_5_ncritic_10
0.0007270955829881132,0.04412286356091499,-0.10852660983800888,-0.08238614350557327,1.0429942607879639,0.9962249398231506,0.939497709274292,1.0918378829956055,-0.02158362790942192,-0.012333002872765064,-0.02117409184575081,-0.01217704452574253,-1.3605002760887146,0.5223557651042938,120,0.24105433466221984,0.24105433466221984,0.2791421935070841,0.35531983591566263,0.16715532541275024,0.09955474734306335,5.0,10,5,outputs/wgan_gp_hparam_sweep/gp_5_ncritic_10
-0.006425597704946995,0.04434865713119507,-0.005861866287887096,0.07163640111684799,1.0035741329193115,0.9930002093315125,1.0067594051361084,1.1517471075057983,-0.01790984906256199,0.007698507513850927,-0.017940828576683998,0.007149326615035534,-1.4567103385925293,0.058807871374301615,200,0.20911428754759104,0.20911428754759104,0.22625314043864486,0.2905234764497704,0.02729356661438942,0.08096608519554138,5.0,10,6,outputs/wgan_gp_hparam_sweep/gp_5_ncritic_10
0.008172658272087574,-0.0028530845884233713,-0.2078855335712433,0.10919156670570374,0.9696036577224731,0.9726228713989258,1.0115134716033936,0.7000924944877625,0.016808466985821724,-0.012700055725872517,0.017308473587036133,-0.01509183645248413,0.24012454599142075,-0.024284275993704797,200,0.26782411638215337,0.26782411638215337,0.3661076238151842,0.4126560290998044,0.24338272213935852,0.15722009539604187,5.0,10,7,outputs/wgan_gp_hparam_sweep/gp_5_ncritic_10
0.010517772287130356,-0.020015547052025795,-0.08768599480390549,-0.09448786079883575,0.9789043068885803,1.0551074743270874,1.0822252035140991,0.8072581887245178,0.01199630368500948,-0.01894368790090084,0.011803993955254555,-0.020267467945814133,-0.12119074538350105,0.41695131585001943,190,0.2294338409919479,0.2294338409919479,0.2635754395849855,0.3506346698069416,0.1232481449842453,0.1755850911140442,5.0,10,8,outputs/wgan_gp_hparam_sweep/gp_5_ncritic_10
-0.030841773375868797,-0.014957192353904247,-0.11739791929721832,0.08051373064517975,0.9964575171470642,1.0067390203475952,0.9173989295959473,0.8669180870056152,0.00992116704583168,-0.0009864624589681625,0.009905465878546238,-0.001106145908124745,-2.1002187728881836,0.6483342707157135,180,0.23755365771921774,0.23755365771921774,0.21734146283285438,0.2822532698083152,0.12886683642864227,0.10943976044654846,5.0,10,9,outputs/wgan_gp_hparam_sweep/gp_5_ncritic_10
0.03359191492199898,0.00651808176189661,-0.4702901542186737,0.383874773979187,0.9720177054405212,1.0189571380615234,0.4912486672401428,2.439633846282959,0.00406552292406559,0.00043294523493386805,0.004085087683051825,0.0003954758576583117,-0.5521276406943798,0.43305506035685537,50,0.7793188554329731,0.7793188554329731,0.755137060284438,1.017804196535985,0.6295198202133179,0.950722873210907,10.0,1,0,outputs/wgan_gp_hparam_sweep/gp_10_ncritic_1
-0.023446308448910713,-0.0012986826477572322,0.2307702749967575,0.06505376100540161,1.047188639640808,0.9895831942558289,0.9478884339332581,0.7736209630966187,0.024037405848503113,-0.04465311020612717,0.02361288107931614,-0.05214455723762512,0.6780797559767962,-0.13436880558729172,40,0.2831339580045602,0.2831339580045602,0.3123839620662926,0.36749566524666405,0.2627331614494324,0.15763121843338013,10.0,1,1,outputs/wgan_gp_hparam_sweep/gp_10_ncritic_1
-0.04733068123459816,-0.013395771384239197,-0.6682583093643188,-0.0915934219956398,0.9716730117797852,1.025477647781372,0.27610644698143005,0.8767021298408508,-0.008191823959350586,-0.0023952315095812082,-0.00820649042725563,-0.004868365824222565,-0.11140366727486253,0.9452786058187485,70,0.6909920419926174,0.6909920419926174,0.7153143915835711,0.8844193374438849,0.6258322596549988,0.42217104136943817,10.0,1,2,outputs/wgan_gp_hparam_sweep/gp_10_ncritic_1
0.011548109352588654,0.004319261759519577,-0.22828461229801178,0.450552374124527,0.9489638209342957,0.941338300704956,1.0835676193237305,0.9389376640319824,-0.0016979241045191884,0.0618840716779232,-0.0017964724684134126,0.06135253608226776,-0.4026504598557949,-0.2738510765135288,80,0.6304169027508237,0.6304169027508237,0.589487782147065,0.650860444497796,0.5066002011299133,0.06850221753120422,10.0,1,3,outputs/wgan_gp_hparam_sweep/gp_10_ncritic_1
0.0345032662153244,-0.01906593330204487,-0.02088348940014839,0.3531109392642975,1.0286234617233276,0.9692937731742859,0.6094128489494324,0.055140841752290726,0.0015001530991867185,-0.00016096033505164087,0.0015023796586319804,-0.0008780643693171442,0.12103455248288811,1.0070745408535005,60,0.6996460804483031,0.6996460804483031,0.7567948024076208,0.9281760879450558,0.37627559900283813,0.6666817720979452,10.0,1,4,outputs/wgan_gp_hparam_sweep/gp_10_ncritic_1
0.0007270955829881132,0.04412286356091499,0.33029675483703613,-0.029280340299010277,1.0429942607879639,0.9962249398231506,0.310202032327652,1.0187339782714844,-0.02158362790942192,-0.017299745231866837,-0.02117409184575081,-0.03077421709895134,-1.3166332423686982,0.737237723171711,50,0.46294544705133756,0.46294544705133756,0.4759670884288488,0.6186579514954095,0.3376450836658478,0.3776506334543228,10.0,1,5,outputs/wgan_gp_hparam_sweep/gp_10_ncritic_1
-0.006425597704946995,0.04434865713119507,-0.01345334853976965,-0.10425262153148651,1.0035741329193115,0.9930002093315125,0.8231992721557617,0.7827882170677185,-0.01790984906256199,0.0008486031438224018,-0.017940828576683998,0.001057134009897709,-3.5509521484375,0.9139808148145676,90,0.3128816624385984,0.3128816624385984,0.26441128341809095,0.3565600209342128,0.1487673670053482,0.19529342651367188,10.0,1,6,outputs/wgan_gp_hparam_sweep/gp_10_ncritic_1
0.008172658272087574,-0.0028530845884233713,-0.5829766392707825,0.07003337889909744,0.9696036577224731,0.9726228713989258,0.7895721197128296,0.4240726828575134,0.016808466985821724,-0.007593638263642788,0.017308473587036133,-0.013123022392392159,-0.2504353228956461,0.3257508486509323,120,0.6516696828220468,0.6516696828220468,0.7403618452784374,0.7799622179721071,0.595625638961792,0.36429086327552795,10.0,1,7,outputs/wgan_gp_hparam_sweep/gp_10_ncritic_1
0.010517772287130356,-0.020015547052025795,0.30230197310447693,0.08810296654701233,0.9789043068885803,1.0551074743270874,0.2544945180416107,1.1004815101623535,0.01199630368500948,-0.009967916645109653,0.011803993955254555,-0.01883535273373127,-4.68843367099762,0.5399125784635543,130,0.5785112054837419,0.5785112054837419,0.5019004543302241,0.6064969299079036,0.31117138266563416,0.38489191234111786,10.0,1,8,outputs/wgan_gp_hparam_sweep/gp_10_ncritic_1
-0.030841773375868797,-0.014957192353904247,0.2739364206790924,0.2476036250591278,0.9964575171470642,1.0067390203475952,1.167526364326477,1.0053869485855103,0.00992116704583168,0.012242105789482594,0.009905465878546238,0.011299420148134232,-2.8960645318031313,1.9145380139350892,70,0.4319017519665129,0.4319017519665129,0.4534571241280099,0.5115404550086857,0.40227842330932617,0.0862104594707489,10.0,1,9,outputs/wgan_gp_hparam_sweep/gp_10_ncritic_1
0.03359191492199898,0.00651808176189661,-0.06082890182733536,-0.08213905990123749,0.9720177054405212,1.0189571380615234,0.9358925223350525,0.8031837940216064,0.00406552292406559,-0.004489488899707794,0.004085087683051825,-0.0051781716756522655,1.2723489105701447,0.5996839329600334,160,0.22227674585568707,0.22227674585568707,0.2535589618765549,0.3101694990475647,0.12951980531215668,0.12594926357269287,10.0,5,0,outputs/wgan_gp_hparam_sweep/gp_10_ncritic_5
-0.023446308448910713,-0.0012986826477572322,0.15403342247009277,0.18109716475009918,1.047188639640808,0.9895831942558289,0.9753796458244324,0.8857455849647522,0.024037405848503113,-0.03171233832836151,0.02361288107931614,-0.03411826491355896,0.7773872762918472,-0.9145675241947174,150,0.2421530375691217,0.2421530375691217,0.31514829305140324,0.3638473476206059,0.25449422001838684,0.0878233015537262,10.0,5,1,outputs/wgan_gp_hparam_sweep/gp_10_ncritic_5
-0.04733068123459816,-0.013395771384239197,0.04390783607959747,-0.06332863122224808,0.9716730117797852,1.025477647781372,0.691156268119812,0.7046065926551819,-0.008191823959350586,0.00393687654286623,-0.00820649042725563,0.005641444586217403,-1.4654902517795563,0.7095313251018525,70,0.2891993521077285,0.2891993521077285,0.31735210454055374,0.3834819359011662,0.10400844365358353,0.30069389939308167,10.0,5,2,outputs/wgan_gp_hparam_sweep/gp_10_ncritic_5
0.011548109352588654,0.004319261759519577,0.10930151492357254,0.028148986399173737,0.9489638209342957,0.941338300704956,1.1566179990768433,0.8461694121360779,-0.0016979241045191884,0.06148815527558327,-0.0017964724684134126,0.06215381994843483,-0.13185105472803116,-0.07924454882740975,150,0.23139407673532872,0.23139407673532872,0.18904685461857368,0.24813677670743586,0.10061602294445038,0.1514115333557129,10.0,5,3,outputs/wgan_gp_hparam_sweep/gp_10_ncritic_5
0.0345032662153244,-0.01906593330204487,0.12278503179550171,0.20199953019618988,1.0286234617233276,0.9692937731742859,0.8080246448516846,1.179384708404541,0.0015001530991867185,0.015076487325131893,0.0015023796586319804,0.015444010496139526,2.661410093307495,-0.47590138465166093,120,0.24325927236985095,0.24325927236985095,0.30303336196589414,0.35410891036582265,0.23804119229316711,0.2153448760509491,10.0,5,4,outputs/wgan_gp_hparam_sweep/gp_10_ncritic_5
0.0007270955829881132,0.04412286356091499,0.06729600578546524,-0.04768205061554909,1.0429942607879639,0.9962249398231506,0.8218610286712646,0.8812394738197327,-0.02158362790942192,-0.003983029630035162,-0.02117409184575081,-0.004680232144892216,-2.4973392486572266,1.0999835520982741,90,0.27660107733257755,0.27660107733257755,0.2551878435129463,0.3197725653219432,0.11340001225471497,0.1680593490600586,10.0,5,5,outputs/wgan_gp_hparam_sweep/gp_10_ncritic_5
-0.006425597704946995,0.04434865713119507,-0.05062500014901161,0.1528092920780182,1.0035741329193115,0.9930002093315125,1.0614396333694458,1.0440137386322021,-0.01790984906256199,0.013154138810932636,-0.017940828576683998,0.012495731003582478,-0.29028014838695526,-0.15699092987924815,190,0.2078553079369488,0.2078553079369488,0.24724764939534938,0.30671068688304604,0.11712086200714111,0.05443951487541199,10.0,5,6,outputs/wgan_gp_hparam_sweep/gp_10_ncritic_5
0.008172658272087574,-0.0028530845884233713,0.010220961645245552,0.1256181299686432,0.9696036577224731,0.9726228713989258,0.9010663628578186,0.6741462349891663,0.016808466985821724,-0.0469919852912426,0.017308473587036133,-0.06029319763183594,-1.838815152645111,1.009044423699379,160,0.31305191190931414,0.31305191190931414,0.31995672544587334,0.38004908209068816,0.12848754227161407,0.18350696563720703,10.0,5,7,outputs/wgan_gp_hparam_sweep/gp_10_ncritic_5
0.010517772287130356,-0.020015547052025795,-0.1295754760503769,0.059304129332304,0.9789043068885803,1.0551074743270874,1.1114553213119507,1.096415638923645,0.01199630368500948,-0.0151669941842556,0.011803993955254555,-0.01373934093862772,0.23675422370433807,0.9074971318244934,180,0.25033779826183944,0.25033779826183944,0.29834152990264184,0.4334155514940843,0.16098985075950623,0.08692958950996399,10.0,5,8,outputs/wgan_gp_hparam_sweep/gp_10_ncritic_5
-0.030841773375868797,-0.014957192353904247,0.10185111314058304,0.018392616882920265,0.9964575171470642,1.0067390203475952,1.069858431816101,0.9888022541999817,0.00992116704583168,0.004311149008572102,0.009905465878546238,0.004191554617136717,1.7903234362602234,0.198067244887352,130,0.25236518994446666,0.25236518994446666,0.23832831863917647,0.3215729236949091,0.13681963086128235,0.045668840408325195,10.0,5,9,outputs/wgan_gp_hparam_sweep/gp_10_ncritic_5
0.03359191492199898,0.00651808176189661,0.0915520042181015,0.029454205185174942,0.9720177054405212,1.0189571380615234,1.0684595108032227,1.1150503158569336,0.00406552292406559,0.006133840419352055,0.004085087683051825,0.005619610194116831,-0.6174130141735077,-0.10976487807929516,120,0.2226829091788871,0.2226829091788871,0.20045953127593938,0.28002648063648927,0.062333278357982635,0.09626749157905579,10.0,10,0,outputs/wgan_gp_hparam_sweep/gp_10_ncritic_10
-0.023446308448910713,-0.0012986826477572322,-0.0701778382062912,0.06929300725460052,1.047188639640808,0.9895831942558289,0.6221984028816223,0.9692696928977966,0.024037405848503113,0.02292453497648239,0.02361288107931614,0.0295198243111372,0.8124219179153442,-0.09943262264132499,140,0.2683385045548258,0.2683385045548258,0.29736014167228353,0.38533591316194754,0.08465826511383057,0.222651869058609,10.0,10,1,outputs/wgan_gp_hparam_sweep/gp_10_ncritic_10
-0.04733068123459816,-0.013395771384239197,-0.03284265100955963,0.04507484659552574,0.9716730117797852,1.025477647781372,1.3322246074676514,0.7647930383682251,-0.008191823959350586,-0.0014907832955941558,-0.00820649042725563,-0.0014769092667847872,-1.2571361660957336,-0.2216632030904293,120,0.25513755482911665,0.25513755482911665,0.2638673430740023,0.35758694455032847,0.060238827019929886,0.3106181025505066,10.0,10,2,outputs/wgan_gp_hparam_sweep/gp_10_ncritic_10
0.011548109352588654,0.004319261759519577,-0.07614969462156296,-0.11315540224313736,0.9489638209342957,0.941338300704956,0.9079632759094238,1.1849334239959717,-0.0016979241045191884,0.04165386036038399,-0.0017964724684134126,0.040158189833164215,1.0741726160049438,-0.1643054664134979,120,0.22176516466652021,0.22176516466652021,0.30664518625899523,0.3854959836221201,0.14659877121448517,0.14229783415794373,10.0,10,3,outputs/wgan_gp_hparam_sweep/gp_10_ncritic_10
0.0345032662153244,-0.01906593330204487,0.05204690992832184,-0.02572650834918022,1.0286234617233276,0.9692937731742859,1.042107343673706,0.5054678916931152,0.0015001530991867185,0.010002650320529938,0.0015023796586319804,0.01378199364989996,0.22554665803909302,-0.7979450762271881,150,0.2893681271194132,0.2893681271194132,0.28312000305621554,0.3639516948387549,0.018765466287732124,0.23865488171577454,10.0,10,4,outputs/wgan_gp_hparam_sweep/gp_10_ncritic_10
0.0007270955829881132,0.04412286356091499,-0.1086144670844078,-0.14273707568645477,1.0429942607879639,0.9962249398231506,0.957766056060791,1.0333622694015503,-0.02158362790942192,-0.00857878103852272,-0.02117409184575081,-0.008623221889138222,1.2512816786766052,-0.6137246742844582,130,0.2273435580698019,0.2273435580698019,0.3134645767334731,0.388496431003522,0.2164999097585678,0.061182767152786255,10.0,10,5,outputs/wgan_gp_hparam_sweep/gp_10_ncritic_10
-0.006425597704946995,0.04434865713119507,0.02221529744565487,0.13633061945438385,1.0035741329193115,0.9930002093315125,1.1013364791870117,1.0996853113174438,-0.01790984906256199,0.009573434479534626,-0.017940828576683998,0.008699084632098675,-1.2497462630271912,0.1868343675509095,150,0.22277323307444707,0.22277323307444707,0.25667083103363386,0.32161747619337144,0.09633785486221313,0.1022237241268158,10.0,10,6,outputs/wgan_gp_hparam_sweep/gp_10_ncritic_10
0.008172658272087574,-0.0028530845884233713,-0.11626467853784561,0.039818357676267624,0.9696036577224731,0.9726228713989258,1.3266280889511108,0.7302780747413635,0.016808466985821724,-0.03845224902033806,0.017308473587036133,-0.039066363126039505,1.8645590543746948,-0.49245622009038925,130,0.2664022007472717,0.2664022007472717,0.34996995260927866,0.4097399666159887,0.1315503865480423,0.2996846139431,10.0,10,7,outputs/wgan_gp_hparam_sweep/gp_10_ncritic_10
0.010517772287130356,-0.020015547052025795,-0.010060898959636688,0.04231282323598862,0.9789043068885803,1.0551074743270874,0.752220094203949,1.4108484983444214,0.01199630368500948,-0.020926035940647125,0.011803993955254555,-0.02031301148235798,3.107901930809021,0.02443639039993286,140,0.2583776487474129,0.2583776487474129,0.2622529728614977,0.3212860149249033,0.06563769280910492,0.29121261835098267,10.0,10,8,outputs/wgan_gp_hparam_sweep/gp_10_ncritic_10
-0.030841773375868797,-0.014957192353904247,-0.06578381359577179,-0.02804724872112274,0.9964575171470642,1.0067390203475952,0.5218931436538696,0.895799994468689,0.00992116704583168,-0.0010392096592113376,0.009905465878546238,-0.0015198715263977647,-1.092243731021881,-0.25915447771549227,120,0.32710836287844913,0.32710836287844913,0.33423116345149456,0.3975218624357907,0.03731347993016243,0.2927516996860504,10.0,10,9,outputs/wgan_gp_hparam_sweep/gp_10_ncritic_10
